Subcategory_Key,Subcategory,Category_Key,Category
101,MP4&MP3,1,Audio
101,MP4&MP3,1,Audio
101,MP4&MP3,1,Audio
101,MP4&MP3,1,Audio
101,MP4&MP3,1,Audio
101,MP4&MP3,1,Audio
101,MP4&MP3,1,Audio
101,MP4&MP3,1,Audio
101,MP4&MP3,1,Audio
101,MP4&MP3,1,Audio
101,MP4&MP3,1,Audio
101,MP4&MP3,1,Audio
101,MP4&MP3,1,Audio
101,MP4&MP3,1,Audio
101,MP4&MP3,1,Audio
101,MP4&MP3,1,Audio
101,MP4&MP3,1,Audio
101,MP4&MP3,1,Audio
101,MP4&MP3,1,Audio
101,MP4&MP3,1,Audio
101,MP4&MP3,1,Audio
101,MP4&MP3,1,Audio
101,MP4&MP3,1,Audio
101,MP4&MP3,1,Audio
101,MP4&MP3,1,Audio
101,MP4&MP3,1,Audio
101,MP4&MP3,1,Audio
101,MP4&MP3,1,Audio
101,MP4&MP3,1,Audio
101,MP4&MP3,1,Audio
101,MP4&MP3,1,Audio
101,MP4&MP3,1,Audio
101,MP4&MP3,1,Audio
101,MP4&MP3,1,Audio
101,MP4&MP3,1,Audio
101,MP4&MP3,1,Audio
101,MP4&MP3,1,Audio
101,MP4&MP3,1,Audio
101,MP4&MP3,1,Audio
101,MP4&MP3,1,Audio
101,MP4&MP3,1,Audio
101,MP4&MP3,1,Audio
101,MP4&MP3,1,Audio
101,MP4&MP3,1,Audio
101,MP4&MP3,1,Audio
104,Recording Pen,1,Audio
104,Recording Pen,1,Audio
104,Recording Pen,1,Audio
104,Recording Pen,1,Audio
104,Recording Pen,1,Audio
104,Recording Pen,1,Audio
104,Recording Pen,1,Audio
104,Recording Pen,1,Audio
104,Recording Pen,1,Audio
104,Recording Pen,1,Audio
104,Recording Pen,1,Audio
104,Recording Pen,1,Audio
104,Recording Pen,1,Audio
104,Recording Pen,1,Audio
104,Recording Pen,1,Audio
104,Recording Pen,1,Audio
104,Recording Pen,1,Audio
104,Recording Pen,1,Audio
104,Recording Pen,1,Audio
104,Recording Pen,1,Audio
106,Bluetooth Headphones,1,Audio
106,Bluetooth Headphones,1,Audio
106,Bluetooth Headphones,1,Audio
106,Bluetooth Headphones,1,Audio
106,Bluetooth Headphones,1,Audio
106,Bluetooth Headphones,1,Audio
106,Bluetooth Headphones,1,Audio
106,Bluetooth Headphones,1,Audio
106,Bluetooth Headphones,1,Audio
106,Bluetooth Headphones,1,Audio
106,Bluetooth Headphones,1,Audio
106,Bluetooth Headphones,1,Audio
106,Bluetooth Headphones,1,Audio
106,Bluetooth Headphones,1,Audio
106,Bluetooth Headphones,1,Audio
106,Bluetooth Headphones,1,Audio
106,Bluetooth Headphones,1,Audio
106,Bluetooth Headphones,1,Audio
106,Bluetooth Headphones,1,Audio
106,Bluetooth Headphones,1,Audio
106,Bluetooth Headphones,1,Audio
106,Bluetooth Headphones,1,Audio
106,Bluetooth Headphones,1,Audio
106,Bluetooth Headphones,1,Audio
106,Bluetooth Headphones,1,Audio
106,Bluetooth Headphones,1,Audio
106,Bluetooth Headphones,1,Audio
106,Bluetooth Headphones,1,Audio
106,Bluetooth Headphones,1,Audio
106,Bluetooth Headphones,1,Audio
106,Bluetooth Headphones,1,Audio
106,Bluetooth Headphones,1,Audio
106,Bluetooth Headphones,1,Audio
106,Bluetooth Headphones,1,Audio
106,Bluetooth Headphones,1,Audio
106,Bluetooth Headphones,1,Audio
106,Bluetooth Headphones,1,Audio
106,Bluetooth Headphones,1,Audio
106,Bluetooth Headphones,1,Audio
106,Bluetooth Headphones,1,Audio
106,Bluetooth Headphones,1,Audio
106,Bluetooth Headphones,1,Audio
106,Bluetooth Headphones,1,Audio
106,Bluetooth Headphones,1,Audio
106,Bluetooth Headphones,1,Audio
106,Bluetooth Headphones,1,Audio
106,Bluetooth Headphones,1,Audio
106,Bluetooth Headphones,1,Audio
106,Bluetooth Headphones,1,Audio
106,Bluetooth Headphones,1,Audio
201,Televisions,2,TV and Video
201,Televisions,2,TV and Video
201,Televisions,2,TV and Video
201,Televisions,2,TV and Video
201,Televisions,2,TV and Video
201,Televisions,2,TV and Video
201,Televisions,2,TV and Video
201,Televisions,2,TV and Video
201,Televisions,2,TV and Video
201,Televisions,2,TV and Video
201,Televisions,2,TV and Video
201,Televisions,2,TV and Video
201,Televisions,2,TV and Video
201,Televisions,2,TV and Video
201,Televisions,2,TV and Video
201,Televisions,2,TV and Video
201,Televisions,2,TV and Video
201,Televisions,2,TV and Video
201,Televisions,2,TV and Video
201,Televisions,2,TV and Video
201,Televisions,2,TV and Video
201,Televisions,2,TV and Video
201,Televisions,2,TV and Video
201,Televisions,2,TV and Video
201,Televisions,2,TV and Video
201,Televisions,2,TV and Video
201,Televisions,2,TV and Video
201,Televisions,2,TV and Video
201,Televisions,2,TV and Video
201,Televisions,2,TV and Video
201,Televisions,2,TV and Video
201,Televisions,2,TV and Video
201,Televisions,2,TV and Video
201,Televisions,2,TV and Video
201,Televisions,2,TV and Video
201,Televisions,2,TV and Video
201,Televisions,2,TV and Video
201,Televisions,2,TV and Video
201,Televisions,2,TV and Video
201,Televisions,2,TV and Video
201,Televisions,2,TV and Video
201,Televisions,2,TV and Video
201,Televisions,2,TV and Video
201,Televisions,2,TV and Video
201,Televisions,2,TV and Video
201,Televisions,2,TV and Video
201,Televisions,2,TV and Video
201,Televisions,2,TV and Video
201,Televisions,2,TV and Video
201,Televisions,2,TV and Video
202,VCD & DVD,2,TV and Video
202,VCD & DVD,2,TV and Video
202,VCD & DVD,2,TV and Video
202,VCD & DVD,2,TV and Video
202,VCD & DVD,2,TV and Video
202,VCD & DVD,2,TV and Video
202,VCD & DVD,2,TV and Video
202,VCD & DVD,2,TV and Video
202,VCD & DVD,2,TV and Video
202,VCD & DVD,2,TV and Video
202,VCD & DVD,2,TV and Video
202,VCD & DVD,2,TV and Video
202,VCD & DVD,2,TV and Video
202,VCD & DVD,2,TV and Video
202,VCD & DVD,2,TV and Video
202,VCD & DVD,2,TV and Video
202,VCD & DVD,2,TV and Video
202,VCD & DVD,2,TV and Video
202,VCD & DVD,2,TV and Video
202,VCD & DVD,2,TV and Video
202,VCD & DVD,2,TV and Video
202,VCD & DVD,2,TV and Video
202,VCD & DVD,2,TV and Video
202,VCD & DVD,2,TV and Video
202,VCD & DVD,2,TV and Video
202,VCD & DVD,2,TV and Video
203,Home Theater System,2,TV and Video
203,Home Theater System,2,TV and Video
203,Home Theater System,2,TV and Video
203,Home Theater System,2,TV and Video
203,Home Theater System,2,TV and Video
203,Home Theater System,2,TV and Video
203,Home Theater System,2,TV and Video
203,Home Theater System,2,TV and Video
203,Home Theater System,2,TV and Video
203,Home Theater System,2,TV and Video
203,Home Theater System,2,TV and Video
203,Home Theater System,2,TV and Video
203,Home Theater System,2,TV and Video
203,Home Theater System,2,TV and Video
203,Home Theater System,2,TV and Video
203,Home Theater System,2,TV and Video
203,Home Theater System,2,TV and Video
203,Home Theater System,2,TV and Video
203,Home Theater System,2,TV and Video
203,Home Theater System,2,TV and Video
203,Home Theater System,2,TV and Video
203,Home Theater System,2,TV and Video
203,Home Theater System,2,TV and Video
203,Home Theater System,2,TV and Video
203,Home Theater System,2,TV and Video
203,Home Theater System,2,TV and Video
203,Home Theater System,2,TV and Video
203,Home Theater System,2,TV and Video
203,Home Theater System,2,TV and Video
203,Home Theater System,2,TV and Video
203,Home Theater System,2,TV and Video
203,Home Theater System,2,TV and Video
203,Home Theater System,2,TV and Video
203,Home Theater System,2,TV and Video
203,Home Theater System,2,TV and Video
203,Home Theater System,2,TV and Video
203,Home Theater System,2,TV and Video
203,Home Theater System,2,TV and Video
203,Home Theater System,2,TV and Video
203,Home Theater System,2,TV and Video
203,Home Theater System,2,TV and Video
203,Home Theater System,2,TV and Video
203,Home Theater System,2,TV and Video
203,Home Theater System,2,TV and Video
203,Home Theater System,2,TV and Video
203,Home Theater System,2,TV and Video
203,Home Theater System,2,TV and Video
203,Home Theater System,2,TV and Video
203,Home Theater System,2,TV and Video
203,Home Theater System,2,TV and Video
203,Home Theater System,2,TV and Video
203,Home Theater System,2,TV and Video
203,Home Theater System,2,TV and Video
203,Home Theater System,2,TV and Video
203,Home Theater System,2,TV and Video
203,Home Theater System,2,TV and Video
203,Home Theater System,2,TV and Video
203,Home Theater System,2,TV and Video
203,Home Theater System,2,TV and Video
203,Home Theater System,2,TV and Video
203,Home Theater System,2,TV and Video
203,Home Theater System,2,TV and Video
203,Home Theater System,2,TV and Video
203,Home Theater System,2,TV and Video
203,Home Theater System,2,TV and Video
203,Home Theater System,2,TV and Video
203,Home Theater System,2,TV and Video
203,Home Theater System,2,TV and Video
203,Home Theater System,2,TV and Video
203,Home Theater System,2,TV and Video
203,Home Theater System,2,TV and Video
203,Home Theater System,2,TV and Video
203,Home Theater System,2,TV and Video
203,Home Theater System,2,TV and Video
203,Home Theater System,2,TV and Video
203,Home Theater System,2,TV and Video
203,Home Theater System,2,TV and Video
203,Home Theater System,2,TV and Video
203,Home Theater System,2,TV and Video
203,Home Theater System,2,TV and Video
203,Home Theater System,2,TV and Video
203,Home Theater System,2,TV and Video
203,Home Theater System,2,TV and Video
203,Home Theater System,2,TV and Video
203,Home Theater System,2,TV and Video
203,Home Theater System,2,TV and Video
203,Home Theater System,2,TV and Video
203,Home Theater System,2,TV and Video
203,Home Theater System,2,TV and Video
203,Home Theater System,2,TV and Video
203,Home Theater System,2,TV and Video
203,Home Theater System,2,TV and Video
203,Home Theater System,2,TV and Video
203,Home Theater System,2,TV and Video
203,Home Theater System,2,TV and Video
203,Home Theater System,2,TV and Video
203,Home Theater System,2,TV and Video
203,Home Theater System,2,TV and Video
203,Home Theater System,2,TV and Video
203,Home Theater System,2,TV and Video
205,Car Video,2,TV and Video
205,Car Video,2,TV and Video
205,Car Video,2,TV and Video
205,Car Video,2,TV and Video
205,Car Video,2,TV and Video
205,Car Video,2,TV and Video
205,Car Video,2,TV and Video
205,Car Video,2,TV and Video
205,Car Video,2,TV and Video
205,Car Video,2,TV and Video
205,Car Video,2,TV and Video
205,Car Video,2,TV and Video
205,Car Video,2,TV and Video
205,Car Video,2,TV and Video
205,Car Video,2,TV and Video
205,Car Video,2,TV and Video
205,Car Video,2,TV and Video
205,Car Video,2,TV and Video
205,Car Video,2,TV and Video
205,Car Video,2,TV and Video
205,Car Video,2,TV and Video
205,Car Video,2,TV and Video
205,Car Video,2,TV and Video
205,Car Video,2,TV and Video
205,Car Video,2,TV and Video
205,Car Video,2,TV and Video
205,Car Video,2,TV and Video
205,Car Video,2,TV and Video
205,Car Video,2,TV and Video
205,Car Video,2,TV and Video
205,Car Video,2,TV and Video
205,Car Video,2,TV and Video
205,Car Video,2,TV and Video
205,Car Video,2,TV and Video
205,Car Video,2,TV and Video
205,Car Video,2,TV and Video
205,Car Video,2,TV and Video
205,Car Video,2,TV and Video
205,Car Video,2,TV and Video
205,Car Video,2,TV and Video
205,Car Video,2,TV and Video
205,Car Video,2,TV and Video
205,Car Video,2,TV and Video
205,Car Video,2,TV and Video
205,Car Video,2,TV and Video
205,Car Video,2,TV and Video
301,Laptops,3,Computers
301,Laptops,3,Computers
301,Laptops,3,Computers
301,Laptops,3,Computers
301,Laptops,3,Computers
301,Laptops,3,Computers
301,Laptops,3,Computers
301,Laptops,3,Computers
301,Laptops,3,Computers
301,Laptops,3,Computers
301,Laptops,3,Computers
301,Laptops,3,Computers
301,Laptops,3,Computers
301,Laptops,3,Computers
301,Laptops,3,Computers
301,Laptops,3,Computers
301,Laptops,3,Computers
301,Laptops,3,Computers
301,Laptops,3,Computers
301,Laptops,3,Computers
301,Laptops,3,Computers
301,Laptops,3,Computers
301,Laptops,3,Computers
301,Laptops,3,Computers
301,Laptops,3,Computers
301,Laptops,3,Computers
301,Laptops,3,Computers
301,Laptops,3,Computers
301,Laptops,3,Computers
301,Laptops,3,Computers
301,Laptops,3,Computers
301,Laptops,3,Computers
301,Laptops,3,Computers
301,Laptops,3,Computers
301,Laptops,3,Computers
301,Laptops,3,Computers
301,Laptops,3,Computers
301,Laptops,3,Computers
301,Laptops,3,Computers
301,Laptops,3,Computers
301,Laptops,3,Computers
301,Laptops,3,Computers
301,Laptops,3,Computers
301,Laptops,3,Computers
301,Laptops,3,Computers
301,Laptops,3,Computers
301,Laptops,3,Computers
301,Laptops,3,Computers
301,Laptops,3,Computers
301,Laptops,3,Computers
301,Laptops,3,Computers
301,Laptops,3,Computers
301,Laptops,3,Computers
301,Laptops,3,Computers
301,Laptops,3,Computers
301,Laptops,3,Computers
301,Laptops,3,Computers
301,Laptops,3,Computers
301,Laptops,3,Computers
301,Laptops,3,Computers
301,Laptops,3,Computers
301,Laptops,3,Computers
301,Laptops,3,Computers
301,Laptops,3,Computers
301,Laptops,3,Computers
301,Laptops,3,Computers
301,Laptops,3,Computers
301,Laptops,3,Computers
301,Laptops,3,Computers
301,Laptops,3,Computers
301,Laptops,3,Computers
301,Laptops,3,Computers
301,Laptops,3,Computers
301,Laptops,3,Computers
301,Laptops,3,Computers
301,Laptops,3,Computers
301,Laptops,3,Computers
301,Laptops,3,Computers
303,Desktops,3,Computers
303,Desktops,3,Computers
303,Desktops,3,Computers
303,Desktops,3,Computers
303,Desktops,3,Computers
303,Desktops,3,Computers
303,Desktops,3,Computers
303,Desktops,3,Computers
303,Desktops,3,Computers
303,Desktops,3,Computers
303,Desktops,3,Computers
303,Desktops,3,Computers
303,Desktops,3,Computers
303,Desktops,3,Computers
303,Desktops,3,Computers
303,Desktops,3,Computers
303,Desktops,3,Computers
303,Desktops,3,Computers
303,Desktops,3,Computers
303,Desktops,3,Computers
303,Desktops,3,Computers
303,Desktops,3,Computers
303,Desktops,3,Computers
303,Desktops,3,Computers
303,Desktops,3,Computers
303,Desktops,3,Computers
303,Desktops,3,Computers
303,Desktops,3,Computers
303,Desktops,3,Computers
303,Desktops,3,Computers
303,Desktops,3,Computers
303,Desktops,3,Computers
303,Desktops,3,Computers
303,Desktops,3,Computers
303,Desktops,3,Computers
303,Desktops,3,Computers
303,Desktops,3,Computers
303,Desktops,3,Computers
303,Desktops,3,Computers
303,Desktops,3,Computers
303,Desktops,3,Computers
303,Desktops,3,Computers
303,Desktops,3,Computers
303,Desktops,3,Computers
303,Desktops,3,Computers
304,Monitors,3,Computers
304,Monitors,3,Computers
304,Monitors,3,Computers
304,Monitors,3,Computers
304,Monitors,3,Computers
304,Monitors,3,Computers
304,Monitors,3,Computers
304,Monitors,3,Computers
304,Monitors,3,Computers
304,Monitors,3,Computers
304,Monitors,3,Computers
304,Monitors,3,Computers
304,Monitors,3,Computers
304,Monitors,3,Computers
304,Monitors,3,Computers
304,Monitors,3,Computers
304,Monitors,3,Computers
304,Monitors,3,Computers
304,Monitors,3,Computers
304,Monitors,3,Computers
304,Monitors,3,Computers
304,Monitors,3,Computers
304,Monitors,3,Computers
304,Monitors,3,Computers
304,Monitors,3,Computers
304,Monitors,3,Computers
304,Monitors,3,Computers
304,Monitors,3,Computers
304,Monitors,3,Computers
304,Monitors,3,Computers
304,Monitors,3,Computers
304,Monitors,3,Computers
304,Monitors,3,Computers
304,Monitors,3,Computers
304,Monitors,3,Computers
304,Monitors,3,Computers
304,Monitors,3,Computers
304,Monitors,3,Computers
304,Monitors,3,Computers
304,Monitors,3,Computers
304,Monitors,3,Computers
304,Monitors,3,Computers
304,Monitors,3,Computers
304,Monitors,3,Computers
304,Monitors,3,Computers
304,Monitors,3,Computers
304,Monitors,3,Computers
304,Monitors,3,Computers
304,Monitors,3,Computers
304,Monitors,3,Computers
304,Monitors,3,Computers
304,Monitors,3,Computers
304,Monitors,3,Computers
304,Monitors,3,Computers
304,Monitors,3,Computers
304,Monitors,3,Computers
304,Monitors,3,Computers
304,Monitors,3,Computers
304,Monitors,3,Computers
304,Monitors,3,Computers
304,Monitors,3,Computers
304,Monitors,3,Computers
304,Monitors,3,Computers
304,Monitors,3,Computers
304,Monitors,3,Computers
304,Monitors,3,Computers
304,Monitors,3,Computers
304,Monitors,3,Computers
304,Monitors,3,Computers
304,Monitors,3,Computers
304,Monitors,3,Computers
304,Monitors,3,Computers
304,Monitors,3,Computers
304,Monitors,3,Computers
304,Monitors,3,Computers
304,Monitors,3,Computers
304,Monitors,3,Computers
304,Monitors,3,Computers
305,Projectors & Screens,3,Computers
305,Projectors & Screens,3,Computers
305,Projectors & Screens,3,Computers
305,Projectors & Screens,3,Computers
305,Projectors & Screens,3,Computers
305,Projectors & Screens,3,Computers
305,Projectors & Screens,3,Computers
305,Projectors & Screens,3,Computers
305,Projectors & Screens,3,Computers
305,Projectors & Screens,3,Computers
305,Projectors & Screens,3,Computers
305,Projectors & Screens,3,Computers
305,Projectors & Screens,3,Computers
305,Projectors & Screens,3,Computers
305,Projectors & Screens,3,Computers
305,Projectors & Screens,3,Computers
305,Projectors & Screens,3,Computers
305,Projectors & Screens,3,Computers
305,Projectors & Screens,3,Computers
305,Projectors & Screens,3,Computers
305,Projectors & Screens,3,Computers
305,Projectors & Screens,3,Computers
305,Projectors & Screens,3,Computers
305,Projectors & Screens,3,Computers
305,Projectors & Screens,3,Computers
305,Projectors & Screens,3,Computers
305,Projectors & Screens,3,Computers
305,Projectors & Screens,3,Computers
305,Projectors & Screens,3,Computers
305,Projectors & Screens,3,Computers
305,Projectors & Screens,3,Computers
305,Projectors & Screens,3,Computers
305,Projectors & Screens,3,Computers
305,Projectors & Screens,3,Computers
305,Projectors & Screens,3,Computers
305,Projectors & Screens,3,Computers
305,Projectors & Screens,3,Computers
305,Projectors & Screens,3,Computers
305,Projectors & Screens,3,Computers
305,Projectors & Screens,3,Computers
305,Projectors & Screens,3,Computers
305,Projectors & Screens,3,Computers
305,Projectors & Screens,3,Computers
305,Projectors & Screens,3,Computers
305,Projectors & Screens,3,Computers
305,Projectors & Screens,3,Computers
305,Projectors & Screens,3,Computers
305,Projectors & Screens,3,Computers
305,Projectors & Screens,3,Computers
305,Projectors & Screens,3,Computers
305,Projectors & Screens,3,Computers
305,Projectors & Screens,3,Computers
305,Projectors & Screens,3,Computers
305,Projectors & Screens,3,Computers
305,Projectors & Screens,3,Computers
305,Projectors & Screens,3,Computers
305,Projectors & Screens,3,Computers
305,Projectors & Screens,3,Computers
305,Projectors & Screens,3,Computers
305,Projectors & Screens,3,Computers
305,Projectors & Screens,3,Computers
305,Projectors & Screens,3,Computers
305,Projectors & Screens,3,Computers
305,Projectors & Screens,3,Computers
305,Projectors & Screens,3,Computers
305,Projectors & Screens,3,Computers
305,Projectors & Screens,3,Computers
305,Projectors & Screens,3,Computers
305,Projectors & Screens,3,Computers
305,Projectors & Screens,3,Computers
305,Projectors & Screens,3,Computers
305,Projectors & Screens,3,Computers
305,Projectors & Screens,3,Computers
305,Projectors & Screens,3,Computers
305,Projectors & Screens,3,Computers
305,Projectors & Screens,3,Computers
305,Projectors & Screens,3,Computers
305,Projectors & Screens,3,Computers
305,Projectors & Screens,3,Computers
305,Projectors & Screens,3,Computers
305,Projectors & Screens,3,Computers
305,Projectors & Screens,3,Computers
305,Projectors & Screens,3,Computers
305,Projectors & Screens,3,Computers
305,Projectors & Screens,3,Computers
305,Projectors & Screens,3,Computers
305,Projectors & Screens,3,Computers
305,Projectors & Screens,3,Computers
305,Projectors & Screens,3,Computers
305,Projectors & Screens,3,Computers
305,Projectors & Screens,3,Computers
305,Projectors & Screens,3,Computers
305,Projectors & Screens,3,Computers
305,Projectors & Screens,3,Computers
305,Projectors & Screens,3,Computers
305,Projectors & Screens,3,Computers
305,Projectors & Screens,3,Computers
305,Projectors & Screens,3,Computers
305,Projectors & Screens,3,Computers
305,Projectors & Screens,3,Computers
305,Projectors & Screens,3,Computers
305,Projectors & Screens,3,Computers
305,Projectors & Screens,3,Computers
306,"Printers, Scanners & Fax",3,Computers
306,"Printers, Scanners & Fax",3,Computers
306,"Printers, Scanners & Fax",3,Computers
306,"Printers, Scanners & Fax",3,Computers
306,"Printers, Scanners & Fax",3,Computers
306,"Printers, Scanners & Fax",3,Computers
306,"Printers, Scanners & Fax",3,Computers
306,"Printers, Scanners & Fax",3,Computers
306,"Printers, Scanners & Fax",3,Computers
306,"Printers, Scanners & Fax",3,Computers
306,"Printers, Scanners & Fax",3,Computers
306,"Printers, Scanners & Fax",3,Computers
306,"Printers, Scanners & Fax",3,Computers
306,"Printers, Scanners & Fax",3,Computers
306,"Printers, Scanners & Fax",3,Computers
306,"Printers, Scanners & Fax",3,Computers
306,"Printers, Scanners & Fax",3,Computers
306,"Printers, Scanners & Fax",3,Computers
306,"Printers, Scanners & Fax",3,Computers
306,"Printers, Scanners & Fax",3,Computers
306,"Printers, Scanners & Fax",3,Computers
306,"Printers, Scanners & Fax",3,Computers
306,"Printers, Scanners & Fax",3,Computers
306,"Printers, Scanners & Fax",3,Computers
306,"Printers, Scanners & Fax",3,Computers
306,"Printers, Scanners & Fax",3,Computers
306,"Printers, Scanners & Fax",3,Computers
306,"Printers, Scanners & Fax",3,Computers
306,"Printers, Scanners & Fax",3,Computers
306,"Printers, Scanners & Fax",3,Computers
306,"Printers, Scanners & Fax",3,Computers
306,"Printers, Scanners & Fax",3,Computers
306,"Printers, Scanners & Fax",3,Computers
306,"Printers, Scanners & Fax",3,Computers
306,"Printers, Scanners & Fax",3,Computers
306,"Printers, Scanners & Fax",3,Computers
306,"Printers, Scanners & Fax",3,Computers
306,"Printers, Scanners & Fax",3,Computers
306,"Printers, Scanners & Fax",3,Computers
306,"Printers, Scanners & Fax",3,Computers
306,"Printers, Scanners & Fax",3,Computers
306,"Printers, Scanners & Fax",3,Computers
306,"Printers, Scanners & Fax",3,Computers
306,"Printers, Scanners & Fax",3,Computers
306,"Printers, Scanners & Fax",3,Computers
306,"Printers, Scanners & Fax",3,Computers
306,"Printers, Scanners & Fax",3,Computers
306,"Printers, Scanners & Fax",3,Computers
306,"Printers, Scanners & Fax",3,Computers
306,"Printers, Scanners & Fax",3,Computers
306,"Printers, Scanners & Fax",3,Computers
306,"Printers, Scanners & Fax",3,Computers
306,"Printers, Scanners & Fax",3,Computers
306,"Printers, Scanners & Fax",3,Computers
306,"Printers, Scanners & Fax",3,Computers
306,"Printers, Scanners & Fax",3,Computers
306,"Printers, Scanners & Fax",3,Computers
306,"Printers, Scanners & Fax",3,Computers
306,"Printers, Scanners & Fax",3,Computers
306,"Printers, Scanners & Fax",3,Computers
306,"Printers, Scanners & Fax",3,Computers
306,"Printers, Scanners & Fax",3,Computers
306,"Printers, Scanners & Fax",3,Computers
306,"Printers, Scanners & Fax",3,Computers
306,"Printers, Scanners & Fax",3,Computers
306,"Printers, Scanners & Fax",3,Computers
306,"Printers, Scanners & Fax",3,Computers
306,"Printers, Scanners & Fax",3,Computers
306,"Printers, Scanners & Fax",3,Computers
306,"Printers, Scanners & Fax",3,Computers
306,"Printers, Scanners & Fax",3,Computers
306,"Printers, Scanners & Fax",3,Computers
306,"Printers, Scanners & Fax",3,Computers
306,"Printers, Scanners & Fax",3,Computers
306,"Printers, Scanners & Fax",3,Computers
306,"Printers, Scanners & Fax",3,Computers
306,"Printers, Scanners & Fax",3,Computers
306,"Printers, Scanners & Fax",3,Computers
306,"Printers, Scanners & Fax",3,Computers
306,"Printers, Scanners & Fax",3,Computers
306,"Printers, Scanners & Fax",3,Computers
306,"Printers, Scanners & Fax",3,Computers
306,"Printers, Scanners & Fax",3,Computers
306,"Printers, Scanners & Fax",3,Computers
306,"Printers, Scanners & Fax",3,Computers
306,"Printers, Scanners & Fax",3,Computers
306,"Printers, Scanners & Fax",3,Computers
306,"Printers, Scanners & Fax",3,Computers
306,"Printers, Scanners & Fax",3,Computers
306,"Printers, Scanners & Fax",3,Computers
306,"Printers, Scanners & Fax",3,Computers
306,"Printers, Scanners & Fax",3,Computers
306,"Printers, Scanners & Fax",3,Computers
306,"Printers, Scanners & Fax",3,Computers
306,"Printers, Scanners & Fax",3,Computers
306,"Printers, Scanners & Fax",3,Computers
306,"Printers, Scanners & Fax",3,Computers
306,"Printers, Scanners & Fax",3,Computers
306,"Printers, Scanners & Fax",3,Computers
306,"Printers, Scanners & Fax",3,Computers
306,"Printers, Scanners & Fax",3,Computers
308,Computers Accessories,3,Computers
308,Computers Accessories,3,Computers
308,Computers Accessories,3,Computers
308,Computers Accessories,3,Computers
308,Computers Accessories,3,Computers
308,Computers Accessories,3,Computers
308,Computers Accessories,3,Computers
308,Computers Accessories,3,Computers
308,Computers Accessories,3,Computers
308,Computers Accessories,3,Computers
308,Computers Accessories,3,Computers
308,Computers Accessories,3,Computers
308,Computers Accessories,3,Computers
308,Computers Accessories,3,Computers
308,Computers Accessories,3,Computers
308,Computers Accessories,3,Computers
308,Computers Accessories,3,Computers
308,Computers Accessories,3,Computers
308,Computers Accessories,3,Computers
308,Computers Accessories,3,Computers
308,Computers Accessories,3,Computers
308,Computers Accessories,3,Computers
308,Computers Accessories,3,Computers
308,Computers Accessories,3,Computers
308,Computers Accessories,3,Computers
308,Computers Accessories,3,Computers
308,Computers Accessories,3,Computers
308,Computers Accessories,3,Computers
308,Computers Accessories,3,Computers
308,Computers Accessories,3,Computers
308,Computers Accessories,3,Computers
308,Computers Accessories,3,Computers
308,Computers Accessories,3,Computers
308,Computers Accessories,3,Computers
308,Computers Accessories,3,Computers
308,Computers Accessories,3,Computers
308,Computers Accessories,3,Computers
308,Computers Accessories,3,Computers
308,Computers Accessories,3,Computers
308,Computers Accessories,3,Computers
308,Computers Accessories,3,Computers
308,Computers Accessories,3,Computers
308,Computers Accessories,3,Computers
308,Computers Accessories,3,Computers
308,Computers Accessories,3,Computers
308,Computers Accessories,3,Computers
308,Computers Accessories,3,Computers
308,Computers Accessories,3,Computers
308,Computers Accessories,3,Computers
308,Computers Accessories,3,Computers
308,Computers Accessories,3,Computers
308,Computers Accessories,3,Computers
308,Computers Accessories,3,Computers
308,Computers Accessories,3,Computers
308,Computers Accessories,3,Computers
308,Computers Accessories,3,Computers
308,Computers Accessories,3,Computers
308,Computers Accessories,3,Computers
308,Computers Accessories,3,Computers
308,Computers Accessories,3,Computers
308,Computers Accessories,3,Computers
308,Computers Accessories,3,Computers
308,Computers Accessories,3,Computers
308,Computers Accessories,3,Computers
308,Computers Accessories,3,Computers
308,Computers Accessories,3,Computers
308,Computers Accessories,3,Computers
308,Computers Accessories,3,Computers
308,Computers Accessories,3,Computers
308,Computers Accessories,3,Computers
308,Computers Accessories,3,Computers
308,Computers Accessories,3,Computers
308,Computers Accessories,3,Computers
308,Computers Accessories,3,Computers
308,Computers Accessories,3,Computers
308,Computers Accessories,3,Computers
308,Computers Accessories,3,Computers
308,Computers Accessories,3,Computers
308,Computers Accessories,3,Computers
308,Computers Accessories,3,Computers
308,Computers Accessories,3,Computers
308,Computers Accessories,3,Computers
308,Computers Accessories,3,Computers
308,Computers Accessories,3,Computers
308,Computers Accessories,3,Computers
308,Computers Accessories,3,Computers
308,Computers Accessories,3,Computers
308,Computers Accessories,3,Computers
308,Computers Accessories,3,Computers
308,Computers Accessories,3,Computers
308,Computers Accessories,3,Computers
308,Computers Accessories,3,Computers
308,Computers Accessories,3,Computers
308,Computers Accessories,3,Computers
308,Computers Accessories,3,Computers
308,Computers Accessories,3,Computers
308,Computers Accessories,3,Computers
308,Computers Accessories,3,Computers
308,Computers Accessories,3,Computers
308,Computers Accessories,3,Computers
308,Computers Accessories,3,Computers
308,Computers Accessories,3,Computers
308,Computers Accessories,3,Computers
308,Computers Accessories,3,Computers
308,Computers Accessories,3,Computers
308,Computers Accessories,3,Computers
308,Computers Accessories,3,Computers
308,Computers Accessories,3,Computers
308,Computers Accessories,3,Computers
308,Computers Accessories,3,Computers
308,Computers Accessories,3,Computers
308,Computers Accessories,3,Computers
308,Computers Accessories,3,Computers
308,Computers Accessories,3,Computers
308,Computers Accessories,3,Computers
308,Computers Accessories,3,Computers
308,Computers Accessories,3,Computers
308,Computers Accessories,3,Computers
308,Computers Accessories,3,Computers
308,Computers Accessories,3,Computers
308,Computers Accessories,3,Computers
308,Computers Accessories,3,Computers
308,Computers Accessories,3,Computers
308,Computers Accessories,3,Computers
308,Computers Accessories,3,Computers
308,Computers Accessories,3,Computers
308,Computers Accessories,3,Computers
308,Computers Accessories,3,Computers
308,Computers Accessories,3,Computers
308,Computers Accessories,3,Computers
308,Computers Accessories,3,Computers
308,Computers Accessories,3,Computers
308,Computers Accessories,3,Computers
308,Computers Accessories,3,Computers
308,Computers Accessories,3,Computers
308,Computers Accessories,3,Computers
308,Computers Accessories,3,Computers
308,Computers Accessories,3,Computers
308,Computers Accessories,3,Computers
308,Computers Accessories,3,Computers
308,Computers Accessories,3,Computers
308,Computers Accessories,3,Computers
308,Computers Accessories,3,Computers
308,Computers Accessories,3,Computers
308,Computers Accessories,3,Computers
308,Computers Accessories,3,Computers
308,Computers Accessories,3,Computers
308,Computers Accessories,3,Computers
308,Computers Accessories,3,Computers
308,Computers Accessories,3,Computers
308,Computers Accessories,3,Computers
308,Computers Accessories,3,Computers
308,Computers Accessories,3,Computers
308,Computers Accessories,3,Computers
308,Computers Accessories,3,Computers
308,Computers Accessories,3,Computers
308,Computers Accessories,3,Computers
308,Computers Accessories,3,Computers
308,Computers Accessories,3,Computers
308,Computers Accessories,3,Computers
308,Computers Accessories,3,Computers
308,Computers Accessories,3,Computers
308,Computers Accessories,3,Computers
308,Computers Accessories,3,Computers
308,Computers Accessories,3,Computers
308,Computers Accessories,3,Computers
308,Computers Accessories,3,Computers
308,Computers Accessories,3,Computers
308,Computers Accessories,3,Computers
308,Computers Accessories,3,Computers
308,Computers Accessories,3,Computers
308,Computers Accessories,3,Computers
308,Computers Accessories,3,Computers
308,Computers Accessories,3,Computers
308,Computers Accessories,3,Computers
308,Computers Accessories,3,Computers
308,Computers Accessories,3,Computers
308,Computers Accessories,3,Computers
308,Computers Accessories,3,Computers
308,Computers Accessories,3,Computers
308,Computers Accessories,3,Computers
308,Computers Accessories,3,Computers
308,Computers Accessories,3,Computers
308,Computers Accessories,3,Computers
308,Computers Accessories,3,Computers
308,Computers Accessories,3,Computers
308,Computers Accessories,3,Computers
308,Computers Accessories,3,Computers
308,Computers Accessories,3,Computers
308,Computers Accessories,3,Computers
308,Computers Accessories,3,Computers
308,Computers Accessories,3,Computers
308,Computers Accessories,3,Computers
308,Computers Accessories,3,Computers
308,Computers Accessories,3,Computers
308,Computers Accessories,3,Computers
308,Computers Accessories,3,Computers
308,Computers Accessories,3,Computers
308,Computers Accessories,3,Computers
308,Computers Accessories,3,Computers
308,Computers Accessories,3,Computers
401,Digital Cameras,4,Cameras and camcorders
401,Digital Cameras,4,Cameras and camcorders
401,Digital Cameras,4,Cameras and camcorders
401,Digital Cameras,4,Cameras and camcorders
401,Digital Cameras,4,Cameras and camcorders
401,Digital Cameras,4,Cameras and camcorders
401,Digital Cameras,4,Cameras and camcorders
401,Digital Cameras,4,Cameras and camcorders
401,Digital Cameras,4,Cameras and camcorders
401,Digital Cameras,4,Cameras and camcorders
401,Digital Cameras,4,Cameras and camcorders
401,Digital Cameras,4,Cameras and camcorders
401,Digital Cameras,4,Cameras and camcorders
401,Digital Cameras,4,Cameras and camcorders
401,Digital Cameras,4,Cameras and camcorders
401,Digital Cameras,4,Cameras and camcorders
401,Digital Cameras,4,Cameras and camcorders
401,Digital Cameras,4,Cameras and camcorders
401,Digital Cameras,4,Cameras and camcorders
401,Digital Cameras,4,Cameras and camcorders
401,Digital Cameras,4,Cameras and camcorders
401,Digital Cameras,4,Cameras and camcorders
401,Digital Cameras,4,Cameras and camcorders
401,Digital Cameras,4,Cameras and camcorders
401,Digital Cameras,4,Cameras and camcorders
401,Digital Cameras,4,Cameras and camcorders
401,Digital Cameras,4,Cameras and camcorders
401,Digital Cameras,4,Cameras and camcorders
401,Digital Cameras,4,Cameras and camcorders
401,Digital Cameras,4,Cameras and camcorders
401,Digital Cameras,4,Cameras and camcorders
401,Digital Cameras,4,Cameras and camcorders
401,Digital Cameras,4,Cameras and camcorders
401,Digital Cameras,4,Cameras and camcorders
401,Digital Cameras,4,Cameras and camcorders
401,Digital Cameras,4,Cameras and camcorders
401,Digital Cameras,4,Cameras and camcorders
401,Digital Cameras,4,Cameras and camcorders
401,Digital Cameras,4,Cameras and camcorders
401,Digital Cameras,4,Cameras and camcorders
401,Digital Cameras,4,Cameras and camcorders
401,Digital Cameras,4,Cameras and camcorders
401,Digital Cameras,4,Cameras and camcorders
401,Digital Cameras,4,Cameras and camcorders
401,Digital Cameras,4,Cameras and camcorders
401,Digital Cameras,4,Cameras and camcorders
401,Digital Cameras,4,Cameras and camcorders
401,Digital Cameras,4,Cameras and camcorders
401,Digital Cameras,4,Cameras and camcorders
401,Digital Cameras,4,Cameras and camcorders
401,Digital Cameras,4,Cameras and camcorders
401,Digital Cameras,4,Cameras and camcorders
401,Digital Cameras,4,Cameras and camcorders
401,Digital Cameras,4,Cameras and camcorders
401,Digital Cameras,4,Cameras and camcorders
401,Digital Cameras,4,Cameras and camcorders
401,Digital Cameras,4,Cameras and camcorders
401,Digital Cameras,4,Cameras and camcorders
401,Digital Cameras,4,Cameras and camcorders
401,Digital Cameras,4,Cameras and camcorders
401,Digital Cameras,4,Cameras and camcorders
401,Digital Cameras,4,Cameras and camcorders
401,Digital Cameras,4,Cameras and camcorders
401,Digital Cameras,4,Cameras and camcorders
401,Digital Cameras,4,Cameras and camcorders
401,Digital Cameras,4,Cameras and camcorders
401,Digital Cameras,4,Cameras and camcorders
401,Digital Cameras,4,Cameras and camcorders
401,Digital Cameras,4,Cameras and camcorders
401,Digital Cameras,4,Cameras and camcorders
401,Digital Cameras,4,Cameras and camcorders
401,Digital Cameras,4,Cameras and camcorders
401,Digital Cameras,4,Cameras and camcorders
401,Digital Cameras,4,Cameras and camcorders
401,Digital Cameras,4,Cameras and camcorders
401,Digital Cameras,4,Cameras and camcorders
401,Digital Cameras,4,Cameras and camcorders
401,Digital Cameras,4,Cameras and camcorders
401,Digital Cameras,4,Cameras and camcorders
401,Digital Cameras,4,Cameras and camcorders
401,Digital Cameras,4,Cameras and camcorders
401,Digital Cameras,4,Cameras and camcorders
401,Digital Cameras,4,Cameras and camcorders
401,Digital Cameras,4,Cameras and camcorders
401,Digital Cameras,4,Cameras and camcorders
401,Digital Cameras,4,Cameras and camcorders
401,Digital Cameras,4,Cameras and camcorders
401,Digital Cameras,4,Cameras and camcorders
401,Digital Cameras,4,Cameras and camcorders
401,Digital Cameras,4,Cameras and camcorders
401,Digital Cameras,4,Cameras and camcorders
401,Digital Cameras,4,Cameras and camcorders
401,Digital Cameras,4,Cameras and camcorders
401,Digital Cameras,4,Cameras and camcorders
401,Digital Cameras,4,Cameras and camcorders
401,Digital Cameras,4,Cameras and camcorders
401,Digital Cameras,4,Cameras and camcorders
401,Digital Cameras,4,Cameras and camcorders
401,Digital Cameras,4,Cameras and camcorders
401,Digital Cameras,4,Cameras and camcorders
402,Digital SLR Cameras,4,Cameras and camcorders
402,Digital SLR Cameras,4,Cameras and camcorders
402,Digital SLR Cameras,4,Cameras and camcorders
402,Digital SLR Cameras,4,Cameras and camcorders
402,Digital SLR Cameras,4,Cameras and camcorders
402,Digital SLR Cameras,4,Cameras and camcorders
402,Digital SLR Cameras,4,Cameras and camcorders
402,Digital SLR Cameras,4,Cameras and camcorders
402,Digital SLR Cameras,4,Cameras and camcorders
402,Digital SLR Cameras,4,Cameras and camcorders
402,Digital SLR Cameras,4,Cameras and camcorders
402,Digital SLR Cameras,4,Cameras and camcorders
402,Digital SLR Cameras,4,Cameras and camcorders
402,Digital SLR Cameras,4,Cameras and camcorders
402,Digital SLR Cameras,4,Cameras and camcorders
402,Digital SLR Cameras,4,Cameras and camcorders
402,Digital SLR Cameras,4,Cameras and camcorders
402,Digital SLR Cameras,4,Cameras and camcorders
402,Digital SLR Cameras,4,Cameras and camcorders
402,Digital SLR Cameras,4,Cameras and camcorders
402,Digital SLR Cameras,4,Cameras and camcorders
402,Digital SLR Cameras,4,Cameras and camcorders
402,Digital SLR Cameras,4,Cameras and camcorders
402,Digital SLR Cameras,4,Cameras and camcorders
402,Digital SLR Cameras,4,Cameras and camcorders
402,Digital SLR Cameras,4,Cameras and camcorders
402,Digital SLR Cameras,4,Cameras and camcorders
402,Digital SLR Cameras,4,Cameras and camcorders
402,Digital SLR Cameras,4,Cameras and camcorders
402,Digital SLR Cameras,4,Cameras and camcorders
402,Digital SLR Cameras,4,Cameras and camcorders
402,Digital SLR Cameras,4,Cameras and camcorders
402,Digital SLR Cameras,4,Cameras and camcorders
402,Digital SLR Cameras,4,Cameras and camcorders
402,Digital SLR Cameras,4,Cameras and camcorders
402,Digital SLR Cameras,4,Cameras and camcorders
402,Digital SLR Cameras,4,Cameras and camcorders
402,Digital SLR Cameras,4,Cameras and camcorders
402,Digital SLR Cameras,4,Cameras and camcorders
402,Digital SLR Cameras,4,Cameras and camcorders
402,Digital SLR Cameras,4,Cameras and camcorders
402,Digital SLR Cameras,4,Cameras and camcorders
402,Digital SLR Cameras,4,Cameras and camcorders
402,Digital SLR Cameras,4,Cameras and camcorders
402,Digital SLR Cameras,4,Cameras and camcorders
402,Digital SLR Cameras,4,Cameras and camcorders
402,Digital SLR Cameras,4,Cameras and camcorders
402,Digital SLR Cameras,4,Cameras and camcorders
402,Digital SLR Cameras,4,Cameras and camcorders
402,Digital SLR Cameras,4,Cameras and camcorders
402,Digital SLR Cameras,4,Cameras and camcorders
402,Digital SLR Cameras,4,Cameras and camcorders
402,Digital SLR Cameras,4,Cameras and camcorders
402,Digital SLR Cameras,4,Cameras and camcorders
402,Digital SLR Cameras,4,Cameras and camcorders
402,Digital SLR Cameras,4,Cameras and camcorders
402,Digital SLR Cameras,4,Cameras and camcorders
402,Digital SLR Cameras,4,Cameras and camcorders
402,Digital SLR Cameras,4,Cameras and camcorders
402,Digital SLR Cameras,4,Cameras and camcorders
402,Digital SLR Cameras,4,Cameras and camcorders
402,Digital SLR Cameras,4,Cameras and camcorders
402,Digital SLR Cameras,4,Cameras and camcorders
402,Digital SLR Cameras,4,Cameras and camcorders
402,Digital SLR Cameras,4,Cameras and camcorders
402,Digital SLR Cameras,4,Cameras and camcorders
402,Digital SLR Cameras,4,Cameras and camcorders
402,Digital SLR Cameras,4,Cameras and camcorders
402,Digital SLR Cameras,4,Cameras and camcorders
402,Digital SLR Cameras,4,Cameras and camcorders
402,Digital SLR Cameras,4,Cameras and camcorders
402,Digital SLR Cameras,4,Cameras and camcorders
402,Digital SLR Cameras,4,Cameras and camcorders
402,Digital SLR Cameras,4,Cameras and camcorders
402,Digital SLR Cameras,4,Cameras and camcorders
402,Digital SLR Cameras,4,Cameras and camcorders
402,Digital SLR Cameras,4,Cameras and camcorders
402,Digital SLR Cameras,4,Cameras and camcorders
402,Digital SLR Cameras,4,Cameras and camcorders
402,Digital SLR Cameras,4,Cameras and camcorders
402,Digital SLR Cameras,4,Cameras and camcorders
402,Digital SLR Cameras,4,Cameras and camcorders
402,Digital SLR Cameras,4,Cameras and camcorders
402,Digital SLR Cameras,4,Cameras and camcorders
402,Digital SLR Cameras,4,Cameras and camcorders
402,Digital SLR Cameras,4,Cameras and camcorders
402,Digital SLR Cameras,4,Cameras and camcorders
402,Digital SLR Cameras,4,Cameras and camcorders
402,Digital SLR Cameras,4,Cameras and camcorders
402,Digital SLR Cameras,4,Cameras and camcorders
402,Digital SLR Cameras,4,Cameras and camcorders
402,Digital SLR Cameras,4,Cameras and camcorders
402,Digital SLR Cameras,4,Cameras and camcorders
402,Digital SLR Cameras,4,Cameras and camcorders
402,Digital SLR Cameras,4,Cameras and camcorders
402,Digital SLR Cameras,4,Cameras and camcorders
402,Digital SLR Cameras,4,Cameras and camcorders
402,Digital SLR Cameras,4,Cameras and camcorders
402,Digital SLR Cameras,4,Cameras and camcorders
402,Digital SLR Cameras,4,Cameras and camcorders
405,Camcorders,4,Cameras and camcorders
405,Camcorders,4,Cameras and camcorders
405,Camcorders,4,Cameras and camcorders
405,Camcorders,4,Cameras and camcorders
405,Camcorders,4,Cameras and camcorders
405,Camcorders,4,Cameras and camcorders
405,Camcorders,4,Cameras and camcorders
405,Camcorders,4,Cameras and camcorders
405,Camcorders,4,Cameras and camcorders
405,Camcorders,4,Cameras and camcorders
405,Camcorders,4,Cameras and camcorders
405,Camcorders,4,Cameras and camcorders
405,Camcorders,4,Cameras and camcorders
405,Camcorders,4,Cameras and camcorders
405,Camcorders,4,Cameras and camcorders
405,Camcorders,4,Cameras and camcorders
405,Camcorders,4,Cameras and camcorders
405,Camcorders,4,Cameras and camcorders
405,Camcorders,4,Cameras and camcorders
405,Camcorders,4,Cameras and camcorders
405,Camcorders,4,Cameras and camcorders
405,Camcorders,4,Cameras and camcorders
405,Camcorders,4,Cameras and camcorders
405,Camcorders,4,Cameras and camcorders
405,Camcorders,4,Cameras and camcorders
405,Camcorders,4,Cameras and camcorders
405,Camcorders,4,Cameras and camcorders
405,Camcorders,4,Cameras and camcorders
405,Camcorders,4,Cameras and camcorders
405,Camcorders,4,Cameras and camcorders
405,Camcorders,4,Cameras and camcorders
405,Camcorders,4,Cameras and camcorders
405,Camcorders,4,Cameras and camcorders
405,Camcorders,4,Cameras and camcorders
405,Camcorders,4,Cameras and camcorders
405,Camcorders,4,Cameras and camcorders
405,Camcorders,4,Cameras and camcorders
405,Camcorders,4,Cameras and camcorders
405,Camcorders,4,Cameras and camcorders
405,Camcorders,4,Cameras and camcorders
405,Camcorders,4,Cameras and camcorders
405,Camcorders,4,Cameras and camcorders
405,Camcorders,4,Cameras and camcorders
405,Camcorders,4,Cameras and camcorders
405,Camcorders,4,Cameras and camcorders
405,Camcorders,4,Cameras and camcorders
405,Camcorders,4,Cameras and camcorders
405,Camcorders,4,Cameras and camcorders
405,Camcorders,4,Cameras and camcorders
405,Camcorders,4,Cameras and camcorders
405,Camcorders,4,Cameras and camcorders
405,Camcorders,4,Cameras and camcorders
405,Camcorders,4,Cameras and camcorders
405,Camcorders,4,Cameras and camcorders
405,Camcorders,4,Cameras and camcorders
405,Camcorders,4,Cameras and camcorders
405,Camcorders,4,Cameras and camcorders
405,Camcorders,4,Cameras and camcorders
405,Camcorders,4,Cameras and camcorders
405,Camcorders,4,Cameras and camcorders
405,Camcorders,4,Cameras and camcorders
405,Camcorders,4,Cameras and camcorders
405,Camcorders,4,Cameras and camcorders
405,Camcorders,4,Cameras and camcorders
405,Camcorders,4,Cameras and camcorders
405,Camcorders,4,Cameras and camcorders
405,Camcorders,4,Cameras and camcorders
405,Camcorders,4,Cameras and camcorders
405,Camcorders,4,Cameras and camcorders
405,Camcorders,4,Cameras and camcorders
405,Camcorders,4,Cameras and camcorders
405,Camcorders,4,Cameras and camcorders
405,Camcorders,4,Cameras and camcorders
405,Camcorders,4,Cameras and camcorders
405,Camcorders,4,Cameras and camcorders
405,Camcorders,4,Cameras and camcorders
405,Camcorders,4,Cameras and camcorders
405,Camcorders,4,Cameras and camcorders
405,Camcorders,4,Cameras and camcorders
405,Camcorders,4,Cameras and camcorders
405,Camcorders,4,Cameras and camcorders
405,Camcorders,4,Cameras and camcorders
405,Camcorders,4,Cameras and camcorders
405,Camcorders,4,Cameras and camcorders
405,Camcorders,4,Cameras and camcorders
405,Camcorders,4,Cameras and camcorders
405,Camcorders,4,Cameras and camcorders
405,Camcorders,4,Cameras and camcorders
405,Camcorders,4,Cameras and camcorders
405,Camcorders,4,Cameras and camcorders
405,Camcorders,4,Cameras and camcorders
405,Camcorders,4,Cameras and camcorders
405,Camcorders,4,Cameras and camcorders
405,Camcorders,4,Cameras and camcorders
405,Camcorders,4,Cameras and camcorders
405,Camcorders,4,Cameras and camcorders
405,Camcorders,4,Cameras and camcorders
405,Camcorders,4,Cameras and camcorders
405,Camcorders,4,Cameras and camcorders
405,Camcorders,4,Cameras and camcorders
405,Camcorders,4,Cameras and camcorders
405,Camcorders,4,Cameras and camcorders
405,Camcorders,4,Cameras and camcorders
406,Cameras & Camcorders Accessories,4,Cameras and camcorders
406,Cameras & Camcorders Accessories,4,Cameras and camcorders
406,Cameras & Camcorders Accessories,4,Cameras and camcorders
406,Cameras & Camcorders Accessories,4,Cameras and camcorders
406,Cameras & Camcorders Accessories,4,Cameras and camcorders
406,Cameras & Camcorders Accessories,4,Cameras and camcorders
406,Cameras & Camcorders Accessories,4,Cameras and camcorders
406,Cameras & Camcorders Accessories,4,Cameras and camcorders
406,Cameras & Camcorders Accessories,4,Cameras and camcorders
406,Cameras & Camcorders Accessories,4,Cameras and camcorders
406,Cameras & Camcorders Accessories,4,Cameras and camcorders
406,Cameras & Camcorders Accessories,4,Cameras and camcorders
406,Cameras & Camcorders Accessories,4,Cameras and camcorders
406,Cameras & Camcorders Accessories,4,Cameras and camcorders
406,Cameras & Camcorders Accessories,4,Cameras and camcorders
406,Cameras & Camcorders Accessories,4,Cameras and camcorders
406,Cameras & Camcorders Accessories,4,Cameras and camcorders
406,Cameras & Camcorders Accessories,4,Cameras and camcorders
406,Cameras & Camcorders Accessories,4,Cameras and camcorders
406,Cameras & Camcorders Accessories,4,Cameras and camcorders
406,Cameras & Camcorders Accessories,4,Cameras and camcorders
406,Cameras & Camcorders Accessories,4,Cameras and camcorders
406,Cameras & Camcorders Accessories,4,Cameras and camcorders
406,Cameras & Camcorders Accessories,4,Cameras and camcorders
406,Cameras & Camcorders Accessories,4,Cameras and camcorders
406,Cameras & Camcorders Accessories,4,Cameras and camcorders
406,Cameras & Camcorders Accessories,4,Cameras and camcorders
406,Cameras & Camcorders Accessories,4,Cameras and camcorders
406,Cameras & Camcorders Accessories,4,Cameras and camcorders
406,Cameras & Camcorders Accessories,4,Cameras and camcorders
406,Cameras & Camcorders Accessories,4,Cameras and camcorders
406,Cameras & Camcorders Accessories,4,Cameras and camcorders
406,Cameras & Camcorders Accessories,4,Cameras and camcorders
406,Cameras & Camcorders Accessories,4,Cameras and camcorders
406,Cameras & Camcorders Accessories,4,Cameras and camcorders
406,Cameras & Camcorders Accessories,4,Cameras and camcorders
406,Cameras & Camcorders Accessories,4,Cameras and camcorders
406,Cameras & Camcorders Accessories,4,Cameras and camcorders
406,Cameras & Camcorders Accessories,4,Cameras and camcorders
406,Cameras & Camcorders Accessories,4,Cameras and camcorders
406,Cameras & Camcorders Accessories,4,Cameras and camcorders
406,Cameras & Camcorders Accessories,4,Cameras and camcorders
406,Cameras & Camcorders Accessories,4,Cameras and camcorders
406,Cameras & Camcorders Accessories,4,Cameras and camcorders
406,Cameras & Camcorders Accessories,4,Cameras and camcorders
406,Cameras & Camcorders Accessories,4,Cameras and camcorders
406,Cameras & Camcorders Accessories,4,Cameras and camcorders
406,Cameras & Camcorders Accessories,4,Cameras and camcorders
406,Cameras & Camcorders Accessories,4,Cameras and camcorders
406,Cameras & Camcorders Accessories,4,Cameras and camcorders
406,Cameras & Camcorders Accessories,4,Cameras and camcorders
406,Cameras & Camcorders Accessories,4,Cameras and camcorders
406,Cameras & Camcorders Accessories,4,Cameras and camcorders
406,Cameras & Camcorders Accessories,4,Cameras and camcorders
406,Cameras & Camcorders Accessories,4,Cameras and camcorders
406,Cameras & Camcorders Accessories,4,Cameras and camcorders
406,Cameras & Camcorders Accessories,4,Cameras and camcorders
406,Cameras & Camcorders Accessories,4,Cameras and camcorders
406,Cameras & Camcorders Accessories,4,Cameras and camcorders
406,Cameras & Camcorders Accessories,4,Cameras and camcorders
406,Cameras & Camcorders Accessories,4,Cameras and camcorders
406,Cameras & Camcorders Accessories,4,Cameras and camcorders
406,Cameras & Camcorders Accessories,4,Cameras and camcorders
406,Cameras & Camcorders Accessories,4,Cameras and camcorders
406,Cameras & Camcorders Accessories,4,Cameras and camcorders
406,Cameras & Camcorders Accessories,4,Cameras and camcorders
406,Cameras & Camcorders Accessories,4,Cameras and camcorders
406,Cameras & Camcorders Accessories,4,Cameras and camcorders
406,Cameras & Camcorders Accessories,4,Cameras and camcorders
501,Home & Office Phones,5,Cell phones
501,Home & Office Phones,5,Cell phones
501,Home & Office Phones,5,Cell phones
501,Home & Office Phones,5,Cell phones
501,Home & Office Phones,5,Cell phones
501,Home & Office Phones,5,Cell phones
501,Home & Office Phones,5,Cell phones
501,Home & Office Phones,5,Cell phones
501,Home & Office Phones,5,Cell phones
501,Home & Office Phones,5,Cell phones
501,Home & Office Phones,5,Cell phones
501,Home & Office Phones,5,Cell phones
501,Home & Office Phones,5,Cell phones
501,Home & Office Phones,5,Cell phones
501,Home & Office Phones,5,Cell phones
501,Home & Office Phones,5,Cell phones
501,Home & Office Phones,5,Cell phones
501,Home & Office Phones,5,Cell phones
501,Home & Office Phones,5,Cell phones
501,Home & Office Phones,5,Cell phones
501,Home & Office Phones,5,Cell phones
501,Home & Office Phones,5,Cell phones
501,Home & Office Phones,5,Cell phones
501,Home & Office Phones,5,Cell phones
501,Home & Office Phones,5,Cell phones
501,Home & Office Phones,5,Cell phones
501,Home & Office Phones,5,Cell phones
501,Home & Office Phones,5,Cell phones
501,Home & Office Phones,5,Cell phones
501,Home & Office Phones,5,Cell phones
501,Home & Office Phones,5,Cell phones
501,Home & Office Phones,5,Cell phones
501,Home & Office Phones,5,Cell phones
501,Home & Office Phones,5,Cell phones
501,Home & Office Phones,5,Cell phones
501,Home & Office Phones,5,Cell phones
501,Home & Office Phones,5,Cell phones
501,Home & Office Phones,5,Cell phones
501,Home & Office Phones,5,Cell phones
501,Home & Office Phones,5,Cell phones
501,Home & Office Phones,5,Cell phones
501,Home & Office Phones,5,Cell phones
501,Home & Office Phones,5,Cell phones
501,Home & Office Phones,5,Cell phones
501,Home & Office Phones,5,Cell phones
501,Home & Office Phones,5,Cell phones
501,Home & Office Phones,5,Cell phones
501,Home & Office Phones,5,Cell phones
501,Home & Office Phones,5,Cell phones
501,Home & Office Phones,5,Cell phones
501,Home & Office Phones,5,Cell phones
501,Home & Office Phones,5,Cell phones
501,Home & Office Phones,5,Cell phones
501,Home & Office Phones,5,Cell phones
501,Home & Office Phones,5,Cell phones
501,Home & Office Phones,5,Cell phones
501,Home & Office Phones,5,Cell phones
501,Home & Office Phones,5,Cell phones
501,Home & Office Phones,5,Cell phones
501,Home & Office Phones,5,Cell phones
501,Home & Office Phones,5,Cell phones
501,Home & Office Phones,5,Cell phones
501,Home & Office Phones,5,Cell phones
501,Home & Office Phones,5,Cell phones
501,Home & Office Phones,5,Cell phones
501,Home & Office Phones,5,Cell phones
501,Home & Office Phones,5,Cell phones
501,Home & Office Phones,5,Cell phones
501,Home & Office Phones,5,Cell phones
501,Home & Office Phones,5,Cell phones
501,Home & Office Phones,5,Cell phones
501,Home & Office Phones,5,Cell phones
501,Home & Office Phones,5,Cell phones
501,Home & Office Phones,5,Cell phones
501,Home & Office Phones,5,Cell phones
501,Home & Office Phones,5,Cell phones
501,Home & Office Phones,5,Cell phones
501,Home & Office Phones,5,Cell phones
501,Home & Office Phones,5,Cell phones
501,Home & Office Phones,5,Cell phones
501,Home & Office Phones,5,Cell phones
501,Home & Office Phones,5,Cell phones
501,Home & Office Phones,5,Cell phones
501,Home & Office Phones,5,Cell phones
501,Home & Office Phones,5,Cell phones
501,Home & Office Phones,5,Cell phones
501,Home & Office Phones,5,Cell phones
501,Home & Office Phones,5,Cell phones
501,Home & Office Phones,5,Cell phones
501,Home & Office Phones,5,Cell phones
501,Home & Office Phones,5,Cell phones
501,Home & Office Phones,5,Cell phones
503,Touch Screen Phones,5,Cell phones
503,Touch Screen Phones,5,Cell phones
503,Touch Screen Phones,5,Cell phones
503,Touch Screen Phones,5,Cell phones
503,Touch Screen Phones,5,Cell phones
503,Touch Screen Phones,5,Cell phones
503,Touch Screen Phones,5,Cell phones
503,Touch Screen Phones,5,Cell phones
503,Touch Screen Phones,5,Cell phones
503,Touch Screen Phones,5,Cell phones
503,Touch Screen Phones,5,Cell phones
503,Touch Screen Phones,5,Cell phones
503,Touch Screen Phones,5,Cell phones
503,Touch Screen Phones,5,Cell phones
503,Touch Screen Phones,5,Cell phones
503,Touch Screen Phones,5,Cell phones
503,Touch Screen Phones,5,Cell phones
503,Touch Screen Phones,5,Cell phones
503,Touch Screen Phones,5,Cell phones
503,Touch Screen Phones,5,Cell phones
503,Touch Screen Phones,5,Cell phones
503,Touch Screen Phones,5,Cell phones
503,Touch Screen Phones,5,Cell phones
503,Touch Screen Phones,5,Cell phones
503,Touch Screen Phones,5,Cell phones
503,Touch Screen Phones,5,Cell phones
503,Touch Screen Phones,5,Cell phones
503,Touch Screen Phones,5,Cell phones
503,Touch Screen Phones,5,Cell phones
503,Touch Screen Phones,5,Cell phones
503,Touch Screen Phones,5,Cell phones
503,Touch Screen Phones,5,Cell phones
503,Touch Screen Phones,5,Cell phones
503,Touch Screen Phones,5,Cell phones
503,Touch Screen Phones,5,Cell phones
503,Touch Screen Phones,5,Cell phones
503,Touch Screen Phones,5,Cell phones
503,Touch Screen Phones,5,Cell phones
503,Touch Screen Phones,5,Cell phones
503,Touch Screen Phones,5,Cell phones
503,Touch Screen Phones,5,Cell phones
503,Touch Screen Phones,5,Cell phones
503,Touch Screen Phones,5,Cell phones
503,Touch Screen Phones,5,Cell phones
503,Touch Screen Phones,5,Cell phones
503,Touch Screen Phones,5,Cell phones
503,Touch Screen Phones,5,Cell phones
503,Touch Screen Phones,5,Cell phones
503,Touch Screen Phones,5,Cell phones
503,Touch Screen Phones,5,Cell phones
503,Touch Screen Phones,5,Cell phones
503,Touch Screen Phones,5,Cell phones
503,Touch Screen Phones,5,Cell phones
503,Touch Screen Phones,5,Cell phones
503,Touch Screen Phones,5,Cell phones
503,Touch Screen Phones,5,Cell phones
503,Touch Screen Phones,5,Cell phones
503,Touch Screen Phones,5,Cell phones
503,Touch Screen Phones,5,Cell phones
503,Touch Screen Phones,5,Cell phones
503,Touch Screen Phones,5,Cell phones
503,Touch Screen Phones,5,Cell phones
504,Smart phones & PDAs,5,Cell phones
504,Smart phones & PDAs,5,Cell phones
504,Smart phones & PDAs,5,Cell phones
504,Smart phones & PDAs,5,Cell phones
504,Smart phones & PDAs,5,Cell phones
504,Smart phones & PDAs,5,Cell phones
504,Smart phones & PDAs,5,Cell phones
504,Smart phones & PDAs,5,Cell phones
504,Smart phones & PDAs,5,Cell phones
504,Smart phones & PDAs,5,Cell phones
504,Smart phones & PDAs,5,Cell phones
504,Smart phones & PDAs,5,Cell phones
504,Smart phones & PDAs,5,Cell phones
504,Smart phones & PDAs,5,Cell phones
504,Smart phones & PDAs,5,Cell phones
504,Smart phones & PDAs,5,Cell phones
504,Smart phones & PDAs,5,Cell phones
504,Smart phones & PDAs,5,Cell phones
504,Smart phones & PDAs,5,Cell phones
504,Smart phones & PDAs,5,Cell phones
504,Smart phones & PDAs,5,Cell phones
504,Smart phones & PDAs,5,Cell phones
504,Smart phones & PDAs,5,Cell phones
504,Smart phones & PDAs,5,Cell phones
504,Smart phones & PDAs,5,Cell phones
504,Smart phones & PDAs,5,Cell phones
504,Smart phones & PDAs,5,Cell phones
504,Smart phones & PDAs,5,Cell phones
504,Smart phones & PDAs,5,Cell phones
504,Smart phones & PDAs,5,Cell phones
504,Smart phones & PDAs,5,Cell phones
504,Smart phones & PDAs,5,Cell phones
504,Smart phones & PDAs,5,Cell phones
504,Smart phones & PDAs,5,Cell phones
504,Smart phones & PDAs,5,Cell phones
504,Smart phones & PDAs,5,Cell phones
504,Smart phones & PDAs,5,Cell phones
504,Smart phones & PDAs,5,Cell phones
504,Smart phones & PDAs,5,Cell phones
504,Smart phones & PDAs,5,Cell phones
504,Smart phones & PDAs,5,Cell phones
504,Smart phones & PDAs,5,Cell phones
504,Smart phones & PDAs,5,Cell phones
504,Smart phones & PDAs,5,Cell phones
504,Smart phones & PDAs,5,Cell phones
504,Smart phones & PDAs,5,Cell phones
504,Smart phones & PDAs,5,Cell phones
504,Smart phones & PDAs,5,Cell phones
504,Smart phones & PDAs,5,Cell phones
504,Smart phones & PDAs,5,Cell phones
504,Smart phones & PDAs,5,Cell phones
504,Smart phones & PDAs,5,Cell phones
504,Smart phones & PDAs,5,Cell phones
504,Smart phones & PDAs,5,Cell phones
504,Smart phones & PDAs,5,Cell phones
504,Smart phones & PDAs,5,Cell phones
504,Smart phones & PDAs,5,Cell phones
504,Smart phones & PDAs,5,Cell phones
504,Smart phones & PDAs,5,Cell phones
504,Smart phones & PDAs,5,Cell phones
504,Smart phones & PDAs,5,Cell phones
504,Smart phones & PDAs,5,Cell phones
504,Smart phones & PDAs,5,Cell phones
504,Smart phones & PDAs,5,Cell phones
504,Smart phones & PDAs,5,Cell phones
504,Smart phones & PDAs,5,Cell phones
504,Smart phones & PDAs,5,Cell phones
504,Smart phones & PDAs,5,Cell phones
504,Smart phones & PDAs,5,Cell phones
504,Smart phones & PDAs,5,Cell phones
504,Smart phones & PDAs,5,Cell phones
504,Smart phones & PDAs,5,Cell phones
504,Smart phones & PDAs,5,Cell phones
504,Smart phones & PDAs,5,Cell phones
504,Smart phones & PDAs,5,Cell phones
504,Smart phones & PDAs,5,Cell phones
504,Smart phones & PDAs,5,Cell phones
504,Smart phones & PDAs,5,Cell phones
504,Smart phones & PDAs,5,Cell phones
504,Smart phones & PDAs,5,Cell phones
504,Smart phones & PDAs,5,Cell phones
504,Smart phones & PDAs,5,Cell phones
504,Smart phones & PDAs,5,Cell phones
504,Smart phones & PDAs,5,Cell phones
504,Smart phones & PDAs,5,Cell phones
504,Smart phones & PDAs,5,Cell phones
504,Smart phones & PDAs,5,Cell phones
504,Smart phones & PDAs,5,Cell phones
504,Smart phones & PDAs,5,Cell phones
504,Smart phones & PDAs,5,Cell phones
504,Smart phones & PDAs,5,Cell phones
504,Smart phones & PDAs,5,Cell phones
504,Smart phones & PDAs,5,Cell phones
504,Smart phones & PDAs,5,Cell phones
504,Smart phones & PDAs,5,Cell phones
504,Smart phones & PDAs,5,Cell phones
504,Smart phones & PDAs,5,Cell phones
504,Smart phones & PDAs,5,Cell phones
504,Smart phones & PDAs,5,Cell phones
504,Smart phones & PDAs,5,Cell phones
504,Smart phones & PDAs,5,Cell phones
602,Movie DVD,6,"Music, Movies and Audio Books"
602,Movie DVD,6,"Music, Movies and Audio Books"
602,Movie DVD,6,"Music, Movies and Audio Books"
602,Movie DVD,6,"Music, Movies and Audio Books"
602,Movie DVD,6,"Music, Movies and Audio Books"
602,Movie DVD,6,"Music, Movies and Audio Books"
602,Movie DVD,6,"Music, Movies and Audio Books"
602,Movie DVD,6,"Music, Movies and Audio Books"
602,Movie DVD,6,"Music, Movies and Audio Books"
602,Movie DVD,6,"Music, Movies and Audio Books"
602,Movie DVD,6,"Music, Movies and Audio Books"
602,Movie DVD,6,"Music, Movies and Audio Books"
602,Movie DVD,6,"Music, Movies and Audio Books"
602,Movie DVD,6,"Music, Movies and Audio Books"
602,Movie DVD,6,"Music, Movies and Audio Books"
602,Movie DVD,6,"Music, Movies and Audio Books"
602,Movie DVD,6,"Music, Movies and Audio Books"
602,Movie DVD,6,"Music, Movies and Audio Books"
602,Movie DVD,6,"Music, Movies and Audio Books"
602,Movie DVD,6,"Music, Movies and Audio Books"
602,Movie DVD,6,"Music, Movies and Audio Books"
602,Movie DVD,6,"Music, Movies and Audio Books"
602,Movie DVD,6,"Music, Movies and Audio Books"
602,Movie DVD,6,"Music, Movies and Audio Books"
602,Movie DVD,6,"Music, Movies and Audio Books"
602,Movie DVD,6,"Music, Movies and Audio Books"
602,Movie DVD,6,"Music, Movies and Audio Books"
602,Movie DVD,6,"Music, Movies and Audio Books"
602,Movie DVD,6,"Music, Movies and Audio Books"
602,Movie DVD,6,"Music, Movies and Audio Books"
602,Movie DVD,6,"Music, Movies and Audio Books"
602,Movie DVD,6,"Music, Movies and Audio Books"
602,Movie DVD,6,"Music, Movies and Audio Books"
602,Movie DVD,6,"Music, Movies and Audio Books"
602,Movie DVD,6,"Music, Movies and Audio Books"
602,Movie DVD,6,"Music, Movies and Audio Books"
602,Movie DVD,6,"Music, Movies and Audio Books"
602,Movie DVD,6,"Music, Movies and Audio Books"
602,Movie DVD,6,"Music, Movies and Audio Books"
602,Movie DVD,6,"Music, Movies and Audio Books"
602,Movie DVD,6,"Music, Movies and Audio Books"
602,Movie DVD,6,"Music, Movies and Audio Books"
602,Movie DVD,6,"Music, Movies and Audio Books"
602,Movie DVD,6,"Music, Movies and Audio Books"
602,Movie DVD,6,"Music, Movies and Audio Books"
602,Movie DVD,6,"Music, Movies and Audio Books"
602,Movie DVD,6,"Music, Movies and Audio Books"
602,Movie DVD,6,"Music, Movies and Audio Books"
602,Movie DVD,6,"Music, Movies and Audio Books"
602,Movie DVD,6,"Music, Movies and Audio Books"
602,Movie DVD,6,"Music, Movies and Audio Books"
602,Movie DVD,6,"Music, Movies and Audio Books"
602,Movie DVD,6,"Music, Movies and Audio Books"
602,Movie DVD,6,"Music, Movies and Audio Books"
602,Movie DVD,6,"Music, Movies and Audio Books"
602,Movie DVD,6,"Music, Movies and Audio Books"
602,Movie DVD,6,"Music, Movies and Audio Books"
602,Movie DVD,6,"Music, Movies and Audio Books"
602,Movie DVD,6,"Music, Movies and Audio Books"
602,Movie DVD,6,"Music, Movies and Audio Books"
602,Movie DVD,6,"Music, Movies and Audio Books"
602,Movie DVD,6,"Music, Movies and Audio Books"
602,Movie DVD,6,"Music, Movies and Audio Books"
602,Movie DVD,6,"Music, Movies and Audio Books"
602,Movie DVD,6,"Music, Movies and Audio Books"
602,Movie DVD,6,"Music, Movies and Audio Books"
602,Movie DVD,6,"Music, Movies and Audio Books"
602,Movie DVD,6,"Music, Movies and Audio Books"
602,Movie DVD,6,"Music, Movies and Audio Books"
602,Movie DVD,6,"Music, Movies and Audio Books"
602,Movie DVD,6,"Music, Movies and Audio Books"
602,Movie DVD,6,"Music, Movies and Audio Books"
602,Movie DVD,6,"Music, Movies and Audio Books"
602,Movie DVD,6,"Music, Movies and Audio Books"
602,Movie DVD,6,"Music, Movies and Audio Books"
602,Movie DVD,6,"Music, Movies and Audio Books"
602,Movie DVD,6,"Music, Movies and Audio Books"
602,Movie DVD,6,"Music, Movies and Audio Books"
602,Movie DVD,6,"Music, Movies and Audio Books"
602,Movie DVD,6,"Music, Movies and Audio Books"
602,Movie DVD,6,"Music, Movies and Audio Books"
602,Movie DVD,6,"Music, Movies and Audio Books"
602,Movie DVD,6,"Music, Movies and Audio Books"
602,Movie DVD,6,"Music, Movies and Audio Books"
602,Movie DVD,6,"Music, Movies and Audio Books"
602,Movie DVD,6,"Music, Movies and Audio Books"
602,Movie DVD,6,"Music, Movies and Audio Books"
602,Movie DVD,6,"Music, Movies and Audio Books"
602,Movie DVD,6,"Music, Movies and Audio Books"
602,Movie DVD,6,"Music, Movies and Audio Books"
701,Boxed Games,7,Games and Toys
701,Boxed Games,7,Games and Toys
701,Boxed Games,7,Games and Toys
701,Boxed Games,7,Games and Toys
701,Boxed Games,7,Games and Toys
701,Boxed Games,7,Games and Toys
701,Boxed Games,7,Games and Toys
701,Boxed Games,7,Games and Toys
701,Boxed Games,7,Games and Toys
701,Boxed Games,7,Games and Toys
701,Boxed Games,7,Games and Toys
701,Boxed Games,7,Games and Toys
701,Boxed Games,7,Games and Toys
701,Boxed Games,7,Games and Toys
701,Boxed Games,7,Games and Toys
701,Boxed Games,7,Games and Toys
701,Boxed Games,7,Games and Toys
701,Boxed Games,7,Games and Toys
701,Boxed Games,7,Games and Toys
701,Boxed Games,7,Games and Toys
701,Boxed Games,7,Games and Toys
701,Boxed Games,7,Games and Toys
701,Boxed Games,7,Games and Toys
701,Boxed Games,7,Games and Toys
701,Boxed Games,7,Games and Toys
701,Boxed Games,7,Games and Toys
701,Boxed Games,7,Games and Toys
701,Boxed Games,7,Games and Toys
701,Boxed Games,7,Games and Toys
701,Boxed Games,7,Games and Toys
701,Boxed Games,7,Games and Toys
701,Boxed Games,7,Games and Toys
701,Boxed Games,7,Games and Toys
701,Boxed Games,7,Games and Toys
701,Boxed Games,7,Games and Toys
701,Boxed Games,7,Games and Toys
701,Boxed Games,7,Games and Toys
701,Boxed Games,7,Games and Toys
701,Boxed Games,7,Games and Toys
701,Boxed Games,7,Games and Toys
701,Boxed Games,7,Games and Toys
701,Boxed Games,7,Games and Toys
701,Boxed Games,7,Games and Toys
701,Boxed Games,7,Games and Toys
701,Boxed Games,7,Games and Toys
701,Boxed Games,7,Games and Toys
702,Download Games,7,Games and Toys
702,Download Games,7,Games and Toys
702,Download Games,7,Games and Toys
702,Download Games,7,Games and Toys
702,Download Games,7,Games and Toys
702,Download Games,7,Games and Toys
702,Download Games,7,Games and Toys
702,Download Games,7,Games and Toys
702,Download Games,7,Games and Toys
702,Download Games,7,Games and Toys
702,Download Games,7,Games and Toys
702,Download Games,7,Games and Toys
702,Download Games,7,Games and Toys
702,Download Games,7,Games and Toys
702,Download Games,7,Games and Toys
702,Download Games,7,Games and Toys
702,Download Games,7,Games and Toys
702,Download Games,7,Games and Toys
702,Download Games,7,Games and Toys
702,Download Games,7,Games and Toys
702,Download Games,7,Games and Toys
702,Download Games,7,Games and Toys
702,Download Games,7,Games and Toys
702,Download Games,7,Games and Toys
702,Download Games,7,Games and Toys
702,Download Games,7,Games and Toys
702,Download Games,7,Games and Toys
702,Download Games,7,Games and Toys
702,Download Games,7,Games and Toys
702,Download Games,7,Games and Toys
702,Download Games,7,Games and Toys
702,Download Games,7,Games and Toys
702,Download Games,7,Games and Toys
702,Download Games,7,Games and Toys
702,Download Games,7,Games and Toys
702,Download Games,7,Games and Toys
702,Download Games,7,Games and Toys
702,Download Games,7,Games and Toys
702,Download Games,7,Games and Toys
702,Download Games,7,Games and Toys
702,Download Games,7,Games and Toys
702,Download Games,7,Games and Toys
702,Download Games,7,Games and Toys
702,Download Games,7,Games and Toys
702,Download Games,7,Games and Toys
702,Download Games,7,Games and Toys
702,Download Games,7,Games and Toys
702,Download Games,7,Games and Toys
702,Download Games,7,Games and Toys
702,Download Games,7,Games and Toys
702,Download Games,7,Games and Toys
702,Download Games,7,Games and Toys
702,Download Games,7,Games and Toys
702,Download Games,7,Games and Toys
702,Download Games,7,Games and Toys
702,Download Games,7,Games and Toys
702,Download Games,7,Games and Toys
702,Download Games,7,Games and Toys
702,Download Games,7,Games and Toys
702,Download Games,7,Games and Toys
702,Download Games,7,Games and Toys
702,Download Games,7,Games and Toys
702,Download Games,7,Games and Toys
702,Download Games,7,Games and Toys
702,Download Games,7,Games and Toys
702,Download Games,7,Games and Toys
702,Download Games,7,Games and Toys
702,Download Games,7,Games and Toys
702,Download Games,7,Games and Toys
702,Download Games,7,Games and Toys
702,Download Games,7,Games and Toys
702,Download Games,7,Games and Toys
702,Download Games,7,Games and Toys
702,Download Games,7,Games and Toys
702,Download Games,7,Games and Toys
702,Download Games,7,Games and Toys
702,Download Games,7,Games and Toys
702,Download Games,7,Games and Toys
702,Download Games,7,Games and Toys
702,Download Games,7,Games and Toys
702,Download Games,7,Games and Toys
702,Download Games,7,Games and Toys
702,Download Games,7,Games and Toys
702,Download Games,7,Games and Toys
702,Download Games,7,Games and Toys
702,Download Games,7,Games and Toys
702,Download Games,7,Games and Toys
702,Download Games,7,Games and Toys
702,Download Games,7,Games and Toys
702,Download Games,7,Games and Toys
702,Download Games,7,Games and Toys
702,Download Games,7,Games and Toys
702,Download Games,7,Games and Toys
702,Download Games,7,Games and Toys
702,Download Games,7,Games and Toys
702,Download Games,7,Games and Toys
702,Download Games,7,Games and Toys
702,Download Games,7,Games and Toys
702,Download Games,7,Games and Toys
702,Download Games,7,Games and Toys
702,Download Games,7,Games and Toys
702,Download Games,7,Games and Toys
702,Download Games,7,Games and Toys
702,Download Games,7,Games and Toys
702,Download Games,7,Games and Toys
702,Download Games,7,Games and Toys
702,Download Games,7,Games and Toys
702,Download Games,7,Games and Toys
702,Download Games,7,Games and Toys
702,Download Games,7,Games and Toys
702,Download Games,7,Games and Toys
702,Download Games,7,Games and Toys
702,Download Games,7,Games and Toys
702,Download Games,7,Games and Toys
702,Download Games,7,Games and Toys
702,Download Games,7,Games and Toys
702,Download Games,7,Games and Toys
702,Download Games,7,Games and Toys
702,Download Games,7,Games and Toys
702,Download Games,7,Games and Toys
801,Washers & Dryers,8,Home Appliances
801,Washers & Dryers,8,Home Appliances
801,Washers & Dryers,8,Home Appliances
801,Washers & Dryers,8,Home Appliances
801,Washers & Dryers,8,Home Appliances
801,Washers & Dryers,8,Home Appliances
801,Washers & Dryers,8,Home Appliances
801,Washers & Dryers,8,Home Appliances
801,Washers & Dryers,8,Home Appliances
801,Washers & Dryers,8,Home Appliances
801,Washers & Dryers,8,Home Appliances
801,Washers & Dryers,8,Home Appliances
801,Washers & Dryers,8,Home Appliances
801,Washers & Dryers,8,Home Appliances
801,Washers & Dryers,8,Home Appliances
801,Washers & Dryers,8,Home Appliances
801,Washers & Dryers,8,Home Appliances
801,Washers & Dryers,8,Home Appliances
801,Washers & Dryers,8,Home Appliances
801,Washers & Dryers,8,Home Appliances
801,Washers & Dryers,8,Home Appliances
801,Washers & Dryers,8,Home Appliances
801,Washers & Dryers,8,Home Appliances
801,Washers & Dryers,8,Home Appliances
801,Washers & Dryers,8,Home Appliances
801,Washers & Dryers,8,Home Appliances
801,Washers & Dryers,8,Home Appliances
801,Washers & Dryers,8,Home Appliances
801,Washers & Dryers,8,Home Appliances
801,Washers & Dryers,8,Home Appliances
801,Washers & Dryers,8,Home Appliances
801,Washers & Dryers,8,Home Appliances
801,Washers & Dryers,8,Home Appliances
801,Washers & Dryers,8,Home Appliances
801,Washers & Dryers,8,Home Appliances
801,Washers & Dryers,8,Home Appliances
801,Washers & Dryers,8,Home Appliances
801,Washers & Dryers,8,Home Appliances
801,Washers & Dryers,8,Home Appliances
801,Washers & Dryers,8,Home Appliances
801,Washers & Dryers,8,Home Appliances
801,Washers & Dryers,8,Home Appliances
801,Washers & Dryers,8,Home Appliances
801,Washers & Dryers,8,Home Appliances
801,Washers & Dryers,8,Home Appliances
801,Washers & Dryers,8,Home Appliances
801,Washers & Dryers,8,Home Appliances
801,Washers & Dryers,8,Home Appliances
801,Washers & Dryers,8,Home Appliances
801,Washers & Dryers,8,Home Appliances
801,Washers & Dryers,8,Home Appliances
801,Washers & Dryers,8,Home Appliances
801,Washers & Dryers,8,Home Appliances
801,Washers & Dryers,8,Home Appliances
801,Washers & Dryers,8,Home Appliances
801,Washers & Dryers,8,Home Appliances
801,Washers & Dryers,8,Home Appliances
801,Washers & Dryers,8,Home Appliances
801,Washers & Dryers,8,Home Appliances
801,Washers & Dryers,8,Home Appliances
801,Washers & Dryers,8,Home Appliances
801,Washers & Dryers,8,Home Appliances
801,Washers & Dryers,8,Home Appliances
801,Washers & Dryers,8,Home Appliances
801,Washers & Dryers,8,Home Appliances
801,Washers & Dryers,8,Home Appliances
801,Washers & Dryers,8,Home Appliances
801,Washers & Dryers,8,Home Appliances
801,Washers & Dryers,8,Home Appliances
801,Washers & Dryers,8,Home Appliances
802,Refrigerators,8,Home Appliances
802,Refrigerators,8,Home Appliances
802,Refrigerators,8,Home Appliances
802,Refrigerators,8,Home Appliances
802,Refrigerators,8,Home Appliances
802,Refrigerators,8,Home Appliances
802,Refrigerators,8,Home Appliances
802,Refrigerators,8,Home Appliances
802,Refrigerators,8,Home Appliances
802,Refrigerators,8,Home Appliances
802,Refrigerators,8,Home Appliances
802,Refrigerators,8,Home Appliances
802,Refrigerators,8,Home Appliances
802,Refrigerators,8,Home Appliances
802,Refrigerators,8,Home Appliances
802,Refrigerators,8,Home Appliances
802,Refrigerators,8,Home Appliances
802,Refrigerators,8,Home Appliances
802,Refrigerators,8,Home Appliances
802,Refrigerators,8,Home Appliances
802,Refrigerators,8,Home Appliances
802,Refrigerators,8,Home Appliances
802,Refrigerators,8,Home Appliances
802,Refrigerators,8,Home Appliances
802,Refrigerators,8,Home Appliances
802,Refrigerators,8,Home Appliances
802,Refrigerators,8,Home Appliances
802,Refrigerators,8,Home Appliances
802,Refrigerators,8,Home Appliances
802,Refrigerators,8,Home Appliances
802,Refrigerators,8,Home Appliances
802,Refrigerators,8,Home Appliances
802,Refrigerators,8,Home Appliances
802,Refrigerators,8,Home Appliances
802,Refrigerators,8,Home Appliances
802,Refrigerators,8,Home Appliances
802,Refrigerators,8,Home Appliances
802,Refrigerators,8,Home Appliances
802,Refrigerators,8,Home Appliances
802,Refrigerators,8,Home Appliances
802,Refrigerators,8,Home Appliances
802,Refrigerators,8,Home Appliances
802,Refrigerators,8,Home Appliances
802,Refrigerators,8,Home Appliances
802,Refrigerators,8,Home Appliances
802,Refrigerators,8,Home Appliances
802,Refrigerators,8,Home Appliances
802,Refrigerators,8,Home Appliances
802,Refrigerators,8,Home Appliances
802,Refrigerators,8,Home Appliances
802,Refrigerators,8,Home Appliances
802,Refrigerators,8,Home Appliances
802,Refrigerators,8,Home Appliances
802,Refrigerators,8,Home Appliances
802,Refrigerators,8,Home Appliances
802,Refrigerators,8,Home Appliances
802,Refrigerators,8,Home Appliances
802,Refrigerators,8,Home Appliances
802,Refrigerators,8,Home Appliances
802,Refrigerators,8,Home Appliances
802,Refrigerators,8,Home Appliances
802,Refrigerators,8,Home Appliances
802,Refrigerators,8,Home Appliances
802,Refrigerators,8,Home Appliances
802,Refrigerators,8,Home Appliances
802,Refrigerators,8,Home Appliances
802,Refrigerators,8,Home Appliances
802,Refrigerators,8,Home Appliances
802,Refrigerators,8,Home Appliances
802,Refrigerators,8,Home Appliances
802,Refrigerators,8,Home Appliances
802,Refrigerators,8,Home Appliances
802,Refrigerators,8,Home Appliances
802,Refrigerators,8,Home Appliances
802,Refrigerators,8,Home Appliances
802,Refrigerators,8,Home Appliances
802,Refrigerators,8,Home Appliances
802,Refrigerators,8,Home Appliances
802,Refrigerators,8,Home Appliances
802,Refrigerators,8,Home Appliances
802,Refrigerators,8,Home Appliances
802,Refrigerators,8,Home Appliances
802,Refrigerators,8,Home Appliances
802,Refrigerators,8,Home Appliances
802,Refrigerators,8,Home Appliances
802,Refrigerators,8,Home Appliances
803,Microwaves,8,Home Appliances
803,Microwaves,8,Home Appliances
803,Microwaves,8,Home Appliances
803,Microwaves,8,Home Appliances
803,Microwaves,8,Home Appliances
803,Microwaves,8,Home Appliances
803,Microwaves,8,Home Appliances
803,Microwaves,8,Home Appliances
803,Microwaves,8,Home Appliances
803,Microwaves,8,Home Appliances
803,Microwaves,8,Home Appliances
803,Microwaves,8,Home Appliances
803,Microwaves,8,Home Appliances
803,Microwaves,8,Home Appliances
803,Microwaves,8,Home Appliances
803,Microwaves,8,Home Appliances
803,Microwaves,8,Home Appliances
803,Microwaves,8,Home Appliances
803,Microwaves,8,Home Appliances
803,Microwaves,8,Home Appliances
803,Microwaves,8,Home Appliances
803,Microwaves,8,Home Appliances
803,Microwaves,8,Home Appliances
803,Microwaves,8,Home Appliances
803,Microwaves,8,Home Appliances
803,Microwaves,8,Home Appliances
803,Microwaves,8,Home Appliances
803,Microwaves,8,Home Appliances
803,Microwaves,8,Home Appliances
803,Microwaves,8,Home Appliances
803,Microwaves,8,Home Appliances
803,Microwaves,8,Home Appliances
803,Microwaves,8,Home Appliances
803,Microwaves,8,Home Appliances
803,Microwaves,8,Home Appliances
803,Microwaves,8,Home Appliances
803,Microwaves,8,Home Appliances
803,Microwaves,8,Home Appliances
803,Microwaves,8,Home Appliances
803,Microwaves,8,Home Appliances
803,Microwaves,8,Home Appliances
803,Microwaves,8,Home Appliances
803,Microwaves,8,Home Appliances
803,Microwaves,8,Home Appliances
803,Microwaves,8,Home Appliances
803,Microwaves,8,Home Appliances
803,Microwaves,8,Home Appliances
803,Microwaves,8,Home Appliances
803,Microwaves,8,Home Appliances
803,Microwaves,8,Home Appliances
803,Microwaves,8,Home Appliances
803,Microwaves,8,Home Appliances
803,Microwaves,8,Home Appliances
803,Microwaves,8,Home Appliances
803,Microwaves,8,Home Appliances
803,Microwaves,8,Home Appliances
803,Microwaves,8,Home Appliances
803,Microwaves,8,Home Appliances
803,Microwaves,8,Home Appliances
803,Microwaves,8,Home Appliances
803,Microwaves,8,Home Appliances
803,Microwaves,8,Home Appliances
803,Microwaves,8,Home Appliances
803,Microwaves,8,Home Appliances
803,Microwaves,8,Home Appliances
803,Microwaves,8,Home Appliances
803,Microwaves,8,Home Appliances
803,Microwaves,8,Home Appliances
803,Microwaves,8,Home Appliances
803,Microwaves,8,Home Appliances
803,Microwaves,8,Home Appliances
803,Microwaves,8,Home Appliances
803,Microwaves,8,Home Appliances
803,Microwaves,8,Home Appliances
803,Microwaves,8,Home Appliances
803,Microwaves,8,Home Appliances
803,Microwaves,8,Home Appliances
803,Microwaves,8,Home Appliances
803,Microwaves,8,Home Appliances
803,Microwaves,8,Home Appliances
803,Microwaves,8,Home Appliances
803,Microwaves,8,Home Appliances
803,Microwaves,8,Home Appliances
803,Microwaves,8,Home Appliances
803,Microwaves,8,Home Appliances
803,Microwaves,8,Home Appliances
803,Microwaves,8,Home Appliances
803,Microwaves,8,Home Appliances
803,Microwaves,8,Home Appliances
803,Microwaves,8,Home Appliances
803,Microwaves,8,Home Appliances
803,Microwaves,8,Home Appliances
803,Microwaves,8,Home Appliances
803,Microwaves,8,Home Appliances
803,Microwaves,8,Home Appliances
803,Microwaves,8,Home Appliances
803,Microwaves,8,Home Appliances
803,Microwaves,8,Home Appliances
803,Microwaves,8,Home Appliances
803,Microwaves,8,Home Appliances
803,Microwaves,8,Home Appliances
803,Microwaves,8,Home Appliances
804,Water Heaters,8,Home Appliances
804,Water Heaters,8,Home Appliances
804,Water Heaters,8,Home Appliances
804,Water Heaters,8,Home Appliances
804,Water Heaters,8,Home Appliances
804,Water Heaters,8,Home Appliances
804,Water Heaters,8,Home Appliances
804,Water Heaters,8,Home Appliances
804,Water Heaters,8,Home Appliances
804,Water Heaters,8,Home Appliances
804,Water Heaters,8,Home Appliances
804,Water Heaters,8,Home Appliances
804,Water Heaters,8,Home Appliances
804,Water Heaters,8,Home Appliances
804,Water Heaters,8,Home Appliances
804,Water Heaters,8,Home Appliances
804,Water Heaters,8,Home Appliances
804,Water Heaters,8,Home Appliances
804,Water Heaters,8,Home Appliances
804,Water Heaters,8,Home Appliances
804,Water Heaters,8,Home Appliances
804,Water Heaters,8,Home Appliances
804,Water Heaters,8,Home Appliances
804,Water Heaters,8,Home Appliances
804,Water Heaters,8,Home Appliances
804,Water Heaters,8,Home Appliances
804,Water Heaters,8,Home Appliances
804,Water Heaters,8,Home Appliances
804,Water Heaters,8,Home Appliances
804,Water Heaters,8,Home Appliances
804,Water Heaters,8,Home Appliances
805,Coffee Machines,8,Home Appliances
805,Coffee Machines,8,Home Appliances
805,Coffee Machines,8,Home Appliances
805,Coffee Machines,8,Home Appliances
805,Coffee Machines,8,Home Appliances
805,Coffee Machines,8,Home Appliances
805,Coffee Machines,8,Home Appliances
805,Coffee Machines,8,Home Appliances
805,Coffee Machines,8,Home Appliances
805,Coffee Machines,8,Home Appliances
805,Coffee Machines,8,Home Appliances
805,Coffee Machines,8,Home Appliances
805,Coffee Machines,8,Home Appliances
805,Coffee Machines,8,Home Appliances
805,Coffee Machines,8,Home Appliances
805,Coffee Machines,8,Home Appliances
805,Coffee Machines,8,Home Appliances
805,Coffee Machines,8,Home Appliances
805,Coffee Machines,8,Home Appliances
805,Coffee Machines,8,Home Appliances
805,Coffee Machines,8,Home Appliances
805,Coffee Machines,8,Home Appliances
805,Coffee Machines,8,Home Appliances
805,Coffee Machines,8,Home Appliances
805,Coffee Machines,8,Home Appliances
805,Coffee Machines,8,Home Appliances
805,Coffee Machines,8,Home Appliances
805,Coffee Machines,8,Home Appliances
805,Coffee Machines,8,Home Appliances
805,Coffee Machines,8,Home Appliances
805,Coffee Machines,8,Home Appliances
805,Coffee Machines,8,Home Appliances
805,Coffee Machines,8,Home Appliances
805,Coffee Machines,8,Home Appliances
805,Coffee Machines,8,Home Appliances
805,Coffee Machines,8,Home Appliances
805,Coffee Machines,8,Home Appliances
805,Coffee Machines,8,Home Appliances
805,Coffee Machines,8,Home Appliances
805,Coffee Machines,8,Home Appliances
805,Coffee Machines,8,Home Appliances
805,Coffee Machines,8,Home Appliances
805,Coffee Machines,8,Home Appliances
805,Coffee Machines,8,Home Appliances
805,Coffee Machines,8,Home Appliances
805,Coffee Machines,8,Home Appliances
805,Coffee Machines,8,Home Appliances
805,Coffee Machines,8,Home Appliances
805,Coffee Machines,8,Home Appliances
805,Coffee Machines,8,Home Appliances
805,Coffee Machines,8,Home Appliances
805,Coffee Machines,8,Home Appliances
805,Coffee Machines,8,Home Appliances
805,Coffee Machines,8,Home Appliances
805,Coffee Machines,8,Home Appliances
805,Coffee Machines,8,Home Appliances
805,Coffee Machines,8,Home Appliances
805,Coffee Machines,8,Home Appliances
805,Coffee Machines,8,Home Appliances
805,Coffee Machines,8,Home Appliances
805,Coffee Machines,8,Home Appliances
805,Coffee Machines,8,Home Appliances
805,Coffee Machines,8,Home Appliances
805,Coffee Machines,8,Home Appliances
805,Coffee Machines,8,Home Appliances
805,Coffee Machines,8,Home Appliances
805,Coffee Machines,8,Home Appliances
805,Coffee Machines,8,Home Appliances
805,Coffee Machines,8,Home Appliances
805,Coffee Machines,8,Home Appliances
805,Coffee Machines,8,Home Appliances
805,Coffee Machines,8,Home Appliances
805,Coffee Machines,8,Home Appliances
805,Coffee Machines,8,Home Appliances
806,Lamps,8,Home Appliances
806,Lamps,8,Home Appliances
806,Lamps,8,Home Appliances
806,Lamps,8,Home Appliances
806,Lamps,8,Home Appliances
806,Lamps,8,Home Appliances
806,Lamps,8,Home Appliances
806,Lamps,8,Home Appliances
806,Lamps,8,Home Appliances
806,Lamps,8,Home Appliances
806,Lamps,8,Home Appliances
806,Lamps,8,Home Appliances
806,Lamps,8,Home Appliances
806,Lamps,8,Home Appliances
806,Lamps,8,Home Appliances
806,Lamps,8,Home Appliances
806,Lamps,8,Home Appliances
806,Lamps,8,Home Appliances
806,Lamps,8,Home Appliances
806,Lamps,8,Home Appliances
806,Lamps,8,Home Appliances
806,Lamps,8,Home Appliances
806,Lamps,8,Home Appliances
806,Lamps,8,Home Appliances
806,Lamps,8,Home Appliances
806,Lamps,8,Home Appliances
806,Lamps,8,Home Appliances
806,Lamps,8,Home Appliances
806,Lamps,8,Home Appliances
806,Lamps,8,Home Appliances
806,Lamps,8,Home Appliances
806,Lamps,8,Home Appliances
806,Lamps,8,Home Appliances
806,Lamps,8,Home Appliances
806,Lamps,8,Home Appliances
806,Lamps,8,Home Appliances
806,Lamps,8,Home Appliances
806,Lamps,8,Home Appliances
806,Lamps,8,Home Appliances
806,Lamps,8,Home Appliances
806,Lamps,8,Home Appliances
806,Lamps,8,Home Appliances
806,Lamps,8,Home Appliances
806,Lamps,8,Home Appliances
806,Lamps,8,Home Appliances
806,Lamps,8,Home Appliances
806,Lamps,8,Home Appliances
806,Lamps,8,Home Appliances
806,Lamps,8,Home Appliances
806,Lamps,8,Home Appliances
806,Lamps,8,Home Appliances
806,Lamps,8,Home Appliances
806,Lamps,8,Home Appliances
806,Lamps,8,Home Appliances
806,Lamps,8,Home Appliances
806,Lamps,8,Home Appliances
806,Lamps,8,Home Appliances
806,Lamps,8,Home Appliances
806,Lamps,8,Home Appliances
806,Lamps,8,Home Appliances
806,Lamps,8,Home Appliances
806,Lamps,8,Home Appliances
806,Lamps,8,Home Appliances
806,Lamps,8,Home Appliances
806,Lamps,8,Home Appliances
806,Lamps,8,Home Appliances
806,Lamps,8,Home Appliances
806,Lamps,8,Home Appliances
806,Lamps,8,Home Appliances
806,Lamps,8,Home Appliances
806,Lamps,8,Home Appliances
806,Lamps,8,Home Appliances
806,Lamps,8,Home Appliances
806,Lamps,8,Home Appliances
806,Lamps,8,Home Appliances
806,Lamps,8,Home Appliances
806,Lamps,8,Home Appliances
806,Lamps,8,Home Appliances
806,Lamps,8,Home Appliances
806,Lamps,8,Home Appliances
806,Lamps,8,Home Appliances
806,Lamps,8,Home Appliances
806,Lamps,8,Home Appliances
806,Lamps,8,Home Appliances
806,Lamps,8,Home Appliances
806,Lamps,8,Home Appliances
806,Lamps,8,Home Appliances
806,Lamps,8,Home Appliances
806,Lamps,8,Home Appliances
806,Lamps,8,Home Appliances
806,Lamps,8,Home Appliances
806,Lamps,8,Home Appliances
806,Lamps,8,Home Appliances
806,Lamps,8,Home Appliances
806,Lamps,8,Home Appliances
806,Lamps,8,Home Appliances
806,Lamps,8,Home Appliances
806,Lamps,8,Home Appliances
806,Lamps,8,Home Appliances
806,Lamps,8,Home Appliances
806,Lamps,8,Home Appliances
806,Lamps,8,Home Appliances
806,Lamps,8,Home Appliances
806,Lamps,8,Home Appliances
806,Lamps,8,Home Appliances
806,Lamps,8,Home Appliances
806,Lamps,8,Home Appliances
806,Lamps,8,Home Appliances
806,Lamps,8,Home Appliances
806,Lamps,8,Home Appliances
806,Lamps,8,Home Appliances
806,Lamps,8,Home Appliances
806,Lamps,8,Home Appliances
806,Lamps,8,Home Appliances
806,Lamps,8,Home Appliances
806,Lamps,8,Home Appliances
806,Lamps,8,Home Appliances
806,Lamps,8,Home Appliances
806,Lamps,8,Home Appliances
806,Lamps,8,Home Appliances
806,Lamps,8,Home Appliances
806,Lamps,8,Home Appliances
806,Lamps,8,Home Appliances
806,Lamps,8,Home Appliances
806,Lamps,8,Home Appliances
806,Lamps,8,Home Appliances
806,Lamps,8,Home Appliances
806,Lamps,8,Home Appliances
806,Lamps,8,Home Appliances
806,Lamps,8,Home Appliances
806,Lamps,8,Home Appliances
806,Lamps,8,Home Appliances
806,Lamps,8,Home Appliances
806,Lamps,8,Home Appliances
806,Lamps,8,Home Appliances
806,Lamps,8,Home Appliances
806,Lamps,8,Home Appliances
806,Lamps,8,Home Appliances
806,Lamps,8,Home Appliances
806,Lamps,8,Home Appliances
806,Lamps,8,Home Appliances
806,Lamps,8,Home Appliances
806,Lamps,8,Home Appliances
806,Lamps,8,Home Appliances
806,Lamps,8,Home Appliances
806,Lamps,8,Home Appliances
806,Lamps,8,Home Appliances
806,Lamps,8,Home Appliances
806,Lamps,8,Home Appliances
806,Lamps,8,Home Appliances
806,Lamps,8,Home Appliances
806,Lamps,8,Home Appliances
806,Lamps,8,Home Appliances
806,Lamps,8,Home Appliances
806,Lamps,8,Home Appliances
806,Lamps,8,Home Appliances
806,Lamps,8,Home Appliances
806,Lamps,8,Home Appliances
807,Air Conditioners,8,Home Appliances
807,Air Conditioners,8,Home Appliances
807,Air Conditioners,8,Home Appliances
807,Air Conditioners,8,Home Appliances
807,Air Conditioners,8,Home Appliances
807,Air Conditioners,8,Home Appliances
807,Air Conditioners,8,Home Appliances
807,Air Conditioners,8,Home Appliances
807,Air Conditioners,8,Home Appliances
807,Air Conditioners,8,Home Appliances
807,Air Conditioners,8,Home Appliances
807,Air Conditioners,8,Home Appliances
807,Air Conditioners,8,Home Appliances
807,Air Conditioners,8,Home Appliances
807,Air Conditioners,8,Home Appliances
807,Air Conditioners,8,Home Appliances
807,Air Conditioners,8,Home Appliances
807,Air Conditioners,8,Home Appliances
807,Air Conditioners,8,Home Appliances
807,Air Conditioners,8,Home Appliances
807,Air Conditioners,8,Home Appliances
807,Air Conditioners,8,Home Appliances
807,Air Conditioners,8,Home Appliances
807,Air Conditioners,8,Home Appliances
807,Air Conditioners,8,Home Appliances
807,Air Conditioners,8,Home Appliances
807,Air Conditioners,8,Home Appliances
807,Air Conditioners,8,Home Appliances
807,Air Conditioners,8,Home Appliances
807,Air Conditioners,8,Home Appliances
807,Air Conditioners,8,Home Appliances
807,Air Conditioners,8,Home Appliances
807,Air Conditioners,8,Home Appliances
807,Air Conditioners,8,Home Appliances
807,Air Conditioners,8,Home Appliances
807,Air Conditioners,8,Home Appliances
807,Air Conditioners,8,Home Appliances
807,Air Conditioners,8,Home Appliances
807,Air Conditioners,8,Home Appliances
807,Air Conditioners,8,Home Appliances
807,Air Conditioners,8,Home Appliances
807,Air Conditioners,8,Home Appliances
807,Air Conditioners,8,Home Appliances
807,Air Conditioners,8,Home Appliances
807,Air Conditioners,8,Home Appliances
807,Air Conditioners,8,Home Appliances
807,Air Conditioners,8,Home Appliances
807,Air Conditioners,8,Home Appliances
807,Air Conditioners,8,Home Appliances
807,Air Conditioners,8,Home Appliances
807,Air Conditioners,8,Home Appliances
807,Air Conditioners,8,Home Appliances
807,Air Conditioners,8,Home Appliances
807,Air Conditioners,8,Home Appliances
807,Air Conditioners,8,Home Appliances
807,Air Conditioners,8,Home Appliances
807,Air Conditioners,8,Home Appliances
807,Air Conditioners,8,Home Appliances
807,Air Conditioners,8,Home Appliances
807,Air Conditioners,8,Home Appliances
807,Air Conditioners,8,Home Appliances
807,Air Conditioners,8,Home Appliances
808,Fans,8,Home Appliances
808,Fans,8,Home Appliances
808,Fans,8,Home Appliances
808,Fans,8,Home Appliances
808,Fans,8,Home Appliances
808,Fans,8,Home Appliances
808,Fans,8,Home Appliances
808,Fans,8,Home Appliances
808,Fans,8,Home Appliances
808,Fans,8,Home Appliances
808,Fans,8,Home Appliances
808,Fans,8,Home Appliances
808,Fans,8,Home Appliances
808,Fans,8,Home Appliances
808,Fans,8,Home Appliances
808,Fans,8,Home Appliances
808,Fans,8,Home Appliances
808,Fans,8,Home Appliances
808,Fans,8,Home Appliances
808,Fans,8,Home Appliances
808,Fans,8,Home Appliances
808,Fans,8,Home Appliances
808,Fans,8,Home Appliances
808,Fans,8,Home Appliances
808,Fans,8,Home Appliances
808,Fans,8,Home Appliances
808,Fans,8,Home Appliances
808,Fans,8,Home Appliances
808,Fans,8,Home Appliances
808,Fans,8,Home Appliances
808,Fans,8,Home Appliances
808,Fans,8,Home Appliances
808,Fans,8,Home Appliances
808,Fans,8,Home Appliances
808,Fans,8,Home Appliances
808,Fans,8,Home Appliances
808,Fans,8,Home Appliances
808,Fans,8,Home Appliances
808,Fans,8,Home Appliances
808,Fans,8,Home Appliances
808,Fans,8,Home Appliances
808,Fans,8,Home Appliances
808,Fans,8,Home Appliances
808,Fans,8,Home Appliances
808,Fans,8,Home Appliances
808,Fans,8,Home Appliances
808,Fans,8,Home Appliances
808,Fans,8,Home Appliances
808,Fans,8,Home Appliances
808,Fans,8,Home Appliances
808,Fans,8,Home Appliances
808,Fans,8,Home Appliances
808,Fans,8,Home Appliances
808,Fans,8,Home Appliances
808,Fans,8,Home Appliances
808,Fans,8,Home Appliances
808,Fans,8,Home Appliances
808,Fans,8,Home Appliances
808,Fans,8,Home Appliances
808,Fans,8,Home Appliances
808,Fans,8,Home Appliances
808,Fans,8,Home Appliances
808,Fans,8,Home Appliances
808,Fans,8,Home Appliances
808,Fans,8,Home Appliances
808,Fans,8,Home Appliances
808,Fans,8,Home Appliances
808,Fans,8,Home Appliances
808,Fans,8,Home Appliances
808,Fans,8,Home Appliances
808,Fans,8,Home Appliances
808,Fans,8,Home Appliances
808,Fans,8,Home Appliances
808,Fans,8,Home Appliances
808,Fans,8,Home Appliances
808,Fans,8,Home Appliances
808,Fans,8,Home Appliances
808,Fans,8,Home Appliances
505,Cell phones Accessories,5,Cell phones
505,Cell phones Accessories,5,Cell phones
505,Cell phones Accessories,5,Cell phones
505,Cell phones Accessories,5,Cell phones
505,Cell phones Accessories,5,Cell phones
505,Cell phones Accessories,5,Cell phones
505,Cell phones Accessories,5,Cell phones
505,Cell phones Accessories,5,Cell phones
505,Cell phones Accessories,5,Cell phones
505,Cell phones Accessories,5,Cell phones
505,Cell phones Accessories,5,Cell phones
505,Cell phones Accessories,5,Cell phones
505,Cell phones Accessories,5,Cell phones
505,Cell phones Accessories,5,Cell phones
505,Cell phones Accessories,5,Cell phones
505,Cell phones Accessories,5,Cell phones
505,Cell phones Accessories,5,Cell phones
505,Cell phones Accessories,5,Cell phones
505,Cell phones Accessories,5,Cell phones
505,Cell phones Accessories,5,Cell phones
505,Cell phones Accessories,5,Cell phones
505,Cell phones Accessories,5,Cell phones
505,Cell phones Accessories,5,Cell phones
505,Cell phones Accessories,5,Cell phones
505,Cell phones Accessories,5,Cell phones
505,Cell phones Accessories,5,Cell phones
505,Cell phones Accessories,5,Cell phones
505,Cell phones Accessories,5,Cell phones
505,Cell phones Accessories,5,Cell phones
505,Cell phones Accessories,5,Cell phones
